sequence,recorded_at_utc,current_ma,voltage_mv,power_mw,rolling_average_ma,rolling_window_count,sensor_source,data_quality_flags,run_id,jetson_id,boot_id
1,2026-08-01T17:11:29.352Z,2040,4968,10135,,1,/sys/bus/i2c/drivers/ina3221/1-0040/hwmon/hwmon1,POWER_DERIVED_FROM_CURRENT_AND_VOLTAGE,baseline-noSEE-full-01,orin-nano-01,08493c04-ea69-45ca-948b-6993521ce06d
2,2026-08-01T17:11:34.355Z,1944,4968,9658,,2,/sys/bus/i2c/drivers/ina3221/1-0040/hwmon/hwmon1,POWER_DERIVED_FROM_CURRENT_AND_VOLTAGE,baseline-noSEE-full-01,orin-nano-01,08493c04-ea69-45ca-948b-6993521ce06d
3,2026-08-01T17:11:39.359Z,1976,4968,9817,,3,/sys/bus/i2c/drivers/ina3221/1-0040/hwmon/hwmon1,POWER_DERIVED_FROM_CURRENT_AND_VOLTAGE,baseline-noSEE-full-01,orin-nano-01,08493c04-ea69-45ca-948b-6993521ce06d
4,2026-08-01T17:11:44.363Z,1952,4968,9698,,4,/sys/bus/i2c/drivers/ina3221/1-0040/hwmon/hwmon1,POWER_DERIVED_FROM_CURRENT_AND_VOLTAGE,baseline-noSEE-full-01,orin-nano-01,08493c04-ea69-45ca-948b-6993521ce06d
5,2026-08-01T17:11:49.367Z,1944,4968,9658,,5,/sys/bus/i2c/drivers/ina3221/1-0040/hwmon/hwmon1,POWER_DERIVED_FROM_CURRENT_AND_VOLTAGE,baseline-noSEE-full-01,orin-nano-01,08493c04-ea69-45ca-948b-6993521ce06d
6,2026-08-01T17:11:54.372Z,1928,4968,9578,,6,/sys/bus/i2c/drivers/ina3221/1-0040/hwmon/hwmon1,POWER_DERIVED_FROM_CURRENT_AND_VOLTAGE,baseline-noSEE-full-01,orin-nano-01,08493c04-ea69-45ca-948b-6993521ce06d
7,2026-08-01T17:11:59.375Z,1928,4968,9578,,7,/sys/bus/i2c/drivers/ina3221/1-0040/hwmon/hwmon1,POWER_DERIVED_FROM_CURRENT_AND_VOLTAGE,baseline-noSEE-full-01,orin-nano-01,08493c04-ea69-45ca-948b-6993521ce06d
8,2026-08-01T17:12:04.379Z,1944,4968,9658,,8,/sys/bus/i2c/drivers/ina3221/1-0040/hwmon/hwmon1,POWER_DERIVED_FROM_CURRENT_AND_VOLTAGE,baseline-noSEE-full-01,orin-nano-01,08493c04-ea69-45ca-948b-6993521ce06d
9,2026-08-01T17:12:09.383Z,1920,4968,9539,,9,/sys/bus/i2c/drivers/ina3221/1-0040/hwmon/hwmon1,POWER_DERIVED_FROM_CURRENT_AND_VOLTAGE,baseline-noSEE-full-01,orin-nano-01,08493c04-ea69-45ca-948b-6993521ce06d
10,2026-08-01T17:12:14.387Z,1912,4968,9499,1948.8,10,/sys/bus/i2c/drivers/ina3221/1-0040/hwmon/hwmon1,POWER_DERIVED_FROM_CURRENT_AND_VOLTAGE,baseline-noSEE-full-01,orin-nano-01,08493c04-ea69-45ca-948b-6993521ce06d
11,2026-08-01T17:12:19.391Z,1936,4968,9618,1938.4,10,/sys/bus/i2c/drivers/ina3221/1-0040/hwmon/hwmon1,POWER_DERIVED_FROM_CURRENT_AND_VOLTAGE,baseline-noSEE-full-01,orin-nano-01,08493c04-ea69-45ca-948b-6993521ce06d
12,2026-08-01T17:12:24.395Z,1904,4968,9459,1934.4,10,/sys/bus/i2c/drivers/ina3221/1-0040/hwmon/hwmon1,POWER_DERIVED_FROM_CURRENT_AND_VOLTAGE,baseline-noSEE-full-01,orin-nano-01,08493c04-ea69-45ca-948b-6993521ce06d
13,2026-08-01T17:12:29.399Z,1904,4968,9459,1927.2,10,/sys/bus/i2c/drivers/ina3221/1-0040/hwmon/hwmon1,POWER_DERIVED_FROM_CURRENT_AND_VOLTAGE,baseline-noSEE-full-01,orin-nano-01,08493c04-ea69-45ca-948b-6993521ce06d
14,2026-08-01T17:12:34.403Z,1880,4968,9340,1920.0,10,/sys/bus/i2c/drivers/ina3221/1-0040/hwmon/hwmon1,POWER_DERIVED_FROM_CURRENT_AND_VOLTAGE,baseline-noSEE-full-01,orin-nano-01,08493c04-ea69-45ca-948b-6993521ce06d
15,2026-08-01T17:12:39.408Z,1904,4968,9459,1916.0,10,/sys/bus/i2c/drivers/ina3221/1-0040/hwmon/hwmon1,POWER_DERIVED_FROM_CURRENT_AND_VOLTAGE,baseline-noSEE-full-01,orin-nano-01,08493c04-ea69-45ca-948b-6993521ce06d
16,2026-08-01T17:12:44.413Z,1880,4968,9340,1911.2,10,/sys/bus/i2c/drivers/ina3221/1-0040/hwmon/hwmon1,POWER_DERIVED_FROM_CURRENT_AND_VOLTAGE,baseline-noSEE-full-01,orin-nano-01,08493c04-ea69-45ca-948b-6993521ce06d
17,2026-08-01T17:12:49.418Z,1904,4968,9459,1908.8,10,/sys/bus/i2c/drivers/ina3221/1-0040/hwmon/hwmon1,POWER_DERIVED_FROM_CURRENT_AND_VOLTAGE,baseline-noSEE-full-01,orin-nano-01,08493c04-ea69-45ca-948b-6993521ce06d
18,2026-08-01T17:12:54.423Z,1880,4968,9340,1902.4,10,/sys/bus/i2c/drivers/ina3221/1-0040/hwmon/hwmon1,POWER_DERIVED_FROM_CURRENT_AND_VOLTAGE,baseline-noSEE-full-01,orin-nano-01,08493c04-ea69-45ca-948b-6993521ce06d
19,2026-08-01T17:12:59.428Z,1904,4968,9459,1900.8,10,/sys/bus/i2c/drivers/ina3221/1-0040/hwmon/hwmon1,POWER_DERIVED_FROM_CURRENT_AND_VOLTAGE,baseline-noSEE-full-01,orin-nano-01,08493c04-ea69-45ca-948b-6993521ce06d
20,2026-08-01T17:13:04.433Z,1896,4968,9419,1899.2,10,/sys/bus/i2c/drivers/ina3221/1-0040/hwmon/hwmon1,POWER_DERIVED_FROM_CURRENT_AND_VOLTAGE,baseline-noSEE-full-01,orin-nano-01,08493c04-ea69-45ca-948b-6993521ce06d
21,2026-08-01T17:13:09.435Z,1896,4968,9419,1895.2,10,/sys/bus/i2c/drivers/ina3221/1-0040/hwmon/hwmon1,POWER_DERIVED_FROM_CURRENT_AND_VOLTAGE,baseline-noSEE-full-01,orin-nano-01,08493c04-ea69-45ca-948b-6993521ce06d
22,2026-08-01T17:13:14.439Z,1888,4968,9380,1893.6,10,/sys/bus/i2c/drivers/ina3221/1-0040/hwmon/hwmon1,POWER_DERIVED_FROM_CURRENT_AND_VOLTAGE,baseline-noSEE-full-01,orin-nano-01,08493c04-ea69-45ca-948b-6993521ce06d
23,2026-08-01T17:13:19.443Z,1960,4968,9737,1899.2,10,/sys/bus/i2c/drivers/ina3221/1-0040/hwmon/hwmon1,POWER_DERIVED_FROM_CURRENT_AND_VOLTAGE,baseline-noSEE-full-01,orin-nano-01,08493c04-ea69-45ca-948b-6993521ce06d
24,2026-08-01T17:13:24.447Z,1992,4968,9896,1910.4,10,/sys/bus/i2c/drivers/ina3221/1-0040/hwmon/hwmon1,POWER_DERIVED_FROM_CURRENT_AND_VOLTAGE,baseline-noSEE-full-01,orin-nano-01,08493c04-ea69-45ca-948b-6993521ce06d
25,2026-08-01T17:13:29.451Z,1984,4968,9857,1918.4,10,/sys/bus/i2c/drivers/ina3221/1-0040/hwmon/hwmon1,POWER_DERIVED_FROM_CURRENT_AND_VOLTAGE,baseline-noSEE-full-01,orin-nano-01,08493c04-ea69-45ca-948b-6993521ce06d
26,2026-08-01T17:13:34.456Z,1976,4968,9817,1928.0,10,/sys/bus/i2c/drivers/ina3221/1-0040/hwmon/hwmon1,POWER_DERIVED_FROM_CURRENT_AND_VOLTAGE,baseline-noSEE-full-01,orin-nano-01,08493c04-ea69-45ca-948b-6993521ce06d
27,2026-08-01T17:13:39.461Z,1968,4968,9777,1934.4,10,/sys/bus/i2c/drivers/ina3221/1-0040/hwmon/hwmon1,POWER_DERIVED_FROM_CURRENT_AND_VOLTAGE,baseline-noSEE-full-01,orin-nano-01,08493c04-ea69-45ca-948b-6993521ce06d
28,2026-08-01T17:13:44.463Z,1912,4968,9499,1937.6,10,/sys/bus/i2c/drivers/ina3221/1-0040/hwmon/hwmon1,POWER_DERIVED_FROM_CURRENT_AND_VOLTAGE,baseline-noSEE-full-01,orin-nano-01,08493c04-ea69-45ca-948b-6993521ce06d
29,2026-08-01T17:13:49.468Z,1920,4968,9539,1939.2,10,/sys/bus/i2c/drivers/ina3221/1-0040/hwmon/hwmon1,POWER_DERIVED_FROM_CURRENT_AND_VOLTAGE,baseline-noSEE-full-01,orin-nano-01,08493c04-ea69-45ca-948b-6993521ce06d
30,2026-08-01T17:13:54.471Z,1920,4968,9539,1941.6,10,/sys/bus/i2c/drivers/ina3221/1-0040/hwmon/hwmon1,POWER_DERIVED_FROM_CURRENT_AND_VOLTAGE,baseline-noSEE-full-01,orin-nano-01,08493c04-ea69-45ca-948b-6993521ce06d
31,2026-08-01T17:13:59.476Z,1896,4968,9419,1941.6,10,/sys/bus/i2c/drivers/ina3221/1-0040/hwmon/hwmon1,POWER_DERIVED_FROM_CURRENT_AND_VOLTAGE,baseline-noSEE-full-01,orin-nano-01,08493c04-ea69-45ca-948b-6993521ce06d
32,2026-08-01T17:14:04.479Z,1912,4968,9499,1944.0,10,/sys/bus/i2c/drivers/ina3221/1-0040/hwmon/hwmon1,POWER_DERIVED_FROM_CURRENT_AND_VOLTAGE,baseline-noSEE-full-01,orin-nano-01,08493c04-ea69-45ca-948b-6993521ce06d
33,2026-08-01T17:14:09.483Z,1888,4968,9380,1936.8,10,/sys/bus/i2c/drivers/ina3221/1-0040/hwmon/hwmon1,POWER_DERIVED_FROM_CURRENT_AND_VOLTAGE,baseline-noSEE-full-01,orin-nano-01,08493c04-ea69-45ca-948b-6993521ce06d
34,2026-08-01T17:14:14.488Z,1904,4968,9459,1928.0,10,/sys/bus/i2c/drivers/ina3221/1-0040/hwmon/hwmon1,POWER_DERIVED_FROM_CURRENT_AND_VOLTAGE,baseline-noSEE-full-01,orin-nano-01,08493c04-ea69-45ca-948b-6993521ce06d
35,2026-08-01T17:14:19.493Z,1888,4968,9380,1918.4,10,/sys/bus/i2c/drivers/ina3221/1-0040/hwmon/hwmon1,POWER_DERIVED_FROM_CURRENT_AND_VOLTAGE,baseline-noSEE-full-01,orin-nano-01,08493c04-ea69-45ca-948b-6993521ce06d
36,2026-08-01T17:14:24.495Z,1904,4968,9459,1911.2,10,/sys/bus/i2c/drivers/ina3221/1-0040/hwmon/hwmon1,POWER_DERIVED_FROM_CURRENT_AND_VOLTAGE,baseline-noSEE-full-01,orin-nano-01,08493c04-ea69-45ca-948b-6993521ce06d
37,2026-08-01T17:14:29.499Z,1888,4968,9380,1903.2,10,/sys/bus/i2c/drivers/ina3221/1-0040/hwmon/hwmon1,POWER_DERIVED_FROM_CURRENT_AND_VOLTAGE,baseline-noSEE-full-01,orin-nano-01,08493c04-ea69-45ca-948b-6993521ce06d
38,2026-08-01T17:14:34.503Z,1904,4968,9459,1902.4,10,/sys/bus/i2c/drivers/ina3221/1-0040/hwmon/hwmon1,POWER_DERIVED_FROM_CURRENT_AND_VOLTAGE,baseline-noSEE-full-01,orin-nano-01,08493c04-ea69-45ca-948b-6993521ce06d
39,2026-08-01T17:14:39.507Z,1888,4968,9380,1899.2,10,/sys/bus/i2c/drivers/ina3221/1-0040/hwmon/hwmon1,POWER_DERIVED_FROM_CURRENT_AND_VOLTAGE,baseline-noSEE-full-01,orin-nano-01,08493c04-ea69-45ca-948b-6993521ce06d
40,2026-08-01T17:14:44.512Z,1904,4968,9459,1897.6,10,/sys/bus/i2c/drivers/ina3221/1-0040/hwmon/hwmon1,POWER_DERIVED_FROM_CURRENT_AND_VOLTAGE,baseline-noSEE-full-01,orin-nano-01,08493c04-ea69-45ca-948b-6993521ce06d
41,2026-08-01T17:14:49.515Z,1896,4968,9419,1897.6,10,/sys/bus/i2c/drivers/ina3221/1-0040/hwmon/hwmon1,POWER_DERIVED_FROM_CURRENT_AND_VOLTAGE,baseline-noSEE-full-01,orin-nano-01,08493c04-ea69-45ca-948b-6993521ce06d
42,2026-08-01T17:14:54.519Z,1928,4968,9578,1899.2,10,/sys/bus/i2c/drivers/ina3221/1-0040/hwmon/hwmon1,POWER_DERIVED_FROM_CURRENT_AND_VOLTAGE,baseline-noSEE-full-01,orin-nano-01,08493c04-ea69-45ca-948b-6993521ce06d
43,2026-08-01T17:14:59.523Z,1936,4968,9618,1904.0,10,/sys/bus/i2c/drivers/ina3221/1-0040/hwmon/hwmon1,POWER_DERIVED_FROM_CURRENT_AND_VOLTAGE,baseline-noSEE-full-01,orin-nano-01,08493c04-ea69-45ca-948b-6993521ce06d
44,2026-08-01T17:15:04.528Z,1904,4968,9459,1904.0,10,/sys/bus/i2c/drivers/ina3221/1-0040/hwmon/hwmon1,POWER_DERIVED_FROM_CURRENT_AND_VOLTAGE,baseline-noSEE-full-01,orin-nano-01,08493c04-ea69-45ca-948b-6993521ce06d
45,2026-08-01T17:15:09.529Z,1904,4968,9459,1905.6,10,/sys/bus/i2c/drivers/ina3221/1-0040/hwmon/hwmon1,POWER_DERIVED_FROM_CURRENT_AND_VOLTAGE,baseline-noSEE-full-01,orin-nano-01,08493c04-ea69-45ca-948b-6993521ce06d
46,2026-08-01T17:15:14.531Z,1904,4968,9459,1905.6,10,/sys/bus/i2c/drivers/ina3221/1-0040/hwmon/hwmon1,POWER_DERIVED_FROM_CURRENT_AND_VOLTAGE,baseline-noSEE-full-01,orin-nano-01,08493c04-ea69-45ca-948b-6993521ce06d
47,2026-08-01T17:15:19.536Z,1880,4968,9340,1904.8,10,/sys/bus/i2c/drivers/ina3221/1-0040/hwmon/hwmon1,POWER_DERIVED_FROM_CURRENT_AND_VOLTAGE,baseline-noSEE-full-01,orin-nano-01,08493c04-ea69-45ca-948b-6993521ce06d
48,2026-08-01T17:15:24.540Z,1896,4968,9419,1904.0,10,/sys/bus/i2c/drivers/ina3221/1-0040/hwmon/hwmon1,POWER_DERIVED_FROM_CURRENT_AND_VOLTAGE,baseline-noSEE-full-01,orin-nano-01,08493c04-ea69-45ca-948b-6993521ce06d
49,2026-08-01T17:15:29.545Z,1888,4968,9380,1904.0,10,/sys/bus/i2c/drivers/ina3221/1-0040/hwmon/hwmon1,POWER_DERIVED_FROM_CURRENT_AND_VOLTAGE,baseline-noSEE-full-01,orin-nano-01,08493c04-ea69-45ca-948b-6993521ce06d
50,2026-08-01T17:15:34.547Z,1944,4968,9658,1908.0,10,/sys/bus/i2c/drivers/ina3221/1-0040/hwmon/hwmon1,POWER_DERIVED_FROM_CURRENT_AND_VOLTAGE,baseline-noSEE-full-01,orin-nano-01,08493c04-ea69-45ca-948b-6993521ce06d
51,2026-08-01T17:15:39.551Z,1968,4968,9777,1915.2,10,/sys/bus/i2c/drivers/ina3221/1-0040/hwmon/hwmon1,POWER_DERIVED_FROM_CURRENT_AND_VOLTAGE,baseline-noSEE-full-01,orin-nano-01,08493c04-ea69-45ca-948b-6993521ce06d
52,2026-08-01T17:15:44.555Z,1984,4968,9857,1920.8,10,/sys/bus/i2c/drivers/ina3221/1-0040/hwmon/hwmon1,POWER_DERIVED_FROM_CURRENT_AND_VOLTAGE,baseline-noSEE-full-01,orin-nano-01,08493c04-ea69-45ca-948b-6993521ce06d
53,2026-08-01T17:15:49.559Z,1952,4968,9698,1922.4,10,/sys/bus/i2c/drivers/ina3221/1-0040/hwmon/hwmon1,POWER_DERIVED_FROM_CURRENT_AND_VOLTAGE,baseline-noSEE-full-01,orin-nano-01,08493c04-ea69-45ca-948b-6993521ce06d
54,2026-08-01T17:15:54.564Z,1944,4968,9658,1926.4,10,/sys/bus/i2c/drivers/ina3221/1-0040/hwmon/hwmon1,POWER_DERIVED_FROM_CURRENT_AND_VOLTAGE,baseline-noSEE-full-01,orin-nano-01,08493c04-ea69-45ca-948b-6993521ce06d
55,2026-08-01T17:15:59.569Z,1904,4968,9459,1926.4,10,/sys/bus/i2c/drivers/ina3221/1-0040/hwmon/hwmon1,POWER_DERIVED_FROM_CURRENT_AND_VOLTAGE,baseline-noSEE-full-01,orin-nano-01,08493c04-ea69-45ca-948b-6993521ce06d
56,2026-08-01T17:16:04.574Z,1928,4968,9578,1928.8,10,/sys/bus/i2c/drivers/ina3221/1-0040/hwmon/hwmon1,POWER_DERIVED_FROM_CURRENT_AND_VOLTAGE,baseline-noSEE-full-01,orin-nano-01,08493c04-ea69-45ca-948b-6993521ce06d
57,2026-08-01T17:16:09.579Z,1912,4968,9499,1932.0,10,/sys/bus/i2c/drivers/ina3221/1-0040/hwmon/hwmon1,POWER_DERIVED_FROM_CURRENT_AND_VOLTAGE,baseline-noSEE-full-01,orin-nano-01,08493c04-ea69-45ca-948b-6993521ce06d
58,2026-08-01T17:16:14.583Z,1944,4968,9658,1936.8,10,/sys/bus/i2c/drivers/ina3221/1-0040/hwmon/hwmon1,POWER_DERIVED_FROM_CURRENT_AND_VOLTAGE,baseline-noSEE-full-01,orin-nano-01,08493c04-ea69-45ca-948b-6993521ce06d
59,2026-08-01T17:16:19.588Z,1920,4968,9539,1940.0,10,/sys/bus/i2c/drivers/ina3221/1-0040/hwmon/hwmon1,POWER_DERIVED_FROM_CURRENT_AND_VOLTAGE,baseline-noSEE-full-01,orin-nano-01,08493c04-ea69-45ca-948b-6993521ce06d
60,2026-08-01T17:16:24.593Z,1912,4968,9499,1936.8,10,/sys/bus/i2c/drivers/ina3221/1-0040/hwmon/hwmon1,POWER_DERIVED_FROM_CURRENT_AND_VOLTAGE,baseline-noSEE-full-01,orin-nano-01,08493c04-ea69-45ca-948b-6993521ce06d
61,2026-08-01T17:16:29.595Z,1888,4968,9380,1928.8,10,/sys/bus/i2c/drivers/ina3221/1-0040/hwmon/hwmon1,POWER_DERIVED_FROM_CURRENT_AND_VOLTAGE,baseline-noSEE-full-01,orin-nano-01,08493c04-ea69-45ca-948b-6993521ce06d
62,2026-08-01T17:16:34.599Z,1920,4968,9539,1922.4,10,/sys/bus/i2c/drivers/ina3221/1-0040/hwmon/hwmon1,POWER_DERIVED_FROM_CURRENT_AND_VOLTAGE,baseline-noSEE-full-01,orin-nano-01,08493c04-ea69-45ca-948b-6993521ce06d
63,2026-08-01T17:16:39.603Z,1888,4968,9380,1916.0,10,/sys/bus/i2c/drivers/ina3221/1-0040/hwmon/hwmon1,POWER_DERIVED_FROM_CURRENT_AND_VOLTAGE,baseline-noSEE-full-01,orin-nano-01,08493c04-ea69-45ca-948b-6993521ce06d
64,2026-08-01T17:16:44.607Z,1904,4968,9459,1912.0,10,/sys/bus/i2c/drivers/ina3221/1-0040/hwmon/hwmon1,POWER_DERIVED_FROM_CURRENT_AND_VOLTAGE,baseline-noSEE-full-01,orin-nano-01,08493c04-ea69-45ca-948b-6993521ce06d
65,2026-08-01T17:16:49.612Z,1872,4968,9300,1908.8,10,/sys/bus/i2c/drivers/ina3221/1-0040/hwmon/hwmon1,POWER_DERIVED_FROM_CURRENT_AND_VOLTAGE,baseline-noSEE-full-01,orin-nano-01,08493c04-ea69-45ca-948b-6993521ce06d
66,2026-08-01T17:16:54.617Z,1904,4968,9459,1906.4,10,/sys/bus/i2c/drivers/ina3221/1-0040/hwmon/hwmon1,POWER_DERIVED_FROM_CURRENT_AND_VOLTAGE,baseline-noSEE-full-01,orin-nano-01,08493c04-ea69-45ca-948b-6993521ce06d
67,2026-08-01T17:16:59.619Z,1888,4968,9380,1904.0,10,/sys/bus/i2c/drivers/ina3221/1-0040/hwmon/hwmon1,POWER_DERIVED_FROM_CURRENT_AND_VOLTAGE,baseline-noSEE-full-01,orin-nano-01,08493c04-ea69-45ca-948b-6993521ce06d
68,2026-08-01T17:17:04.623Z,1896,4968,9419,1899.2,10,/sys/bus/i2c/drivers/ina3221/1-0040/hwmon/hwmon1,POWER_DERIVED_FROM_CURRENT_AND_VOLTAGE,baseline-noSEE-full-01,orin-nano-01,08493c04-ea69-45ca-948b-6993521ce06d
69,2026-08-01T17:17:09.628Z,1872,4968,9300,1894.4,10,/sys/bus/i2c/drivers/ina3221/1-0040/hwmon/hwmon1,POWER_DERIVED_FROM_CURRENT_AND_VOLTAGE,baseline-noSEE-full-01,orin-nano-01,08493c04-ea69-45ca-948b-6993521ce06d
70,2026-08-01T17:17:14.634Z,1896,4968,9419,1892.8,10,/sys/bus/i2c/drivers/ina3221/1-0040/hwmon/hwmon1,POWER_DERIVED_FROM_CURRENT_AND_VOLTAGE,baseline-noSEE-full-01,orin-nano-01,08493c04-ea69-45ca-948b-6993521ce06d
71,2026-08-01T17:17:19.638Z,1912,4968,9499,1895.2,10,/sys/bus/i2c/drivers/ina3221/1-0040/hwmon/hwmon1,POWER_DERIVED_FROM_CURRENT_AND_VOLTAGE,baseline-noSEE-full-01,orin-nano-01,08493c04-ea69-45ca-948b-6993521ce06d
72,2026-08-01T17:17:24.643Z,1912,4968,9499,1894.4,10,/sys/bus/i2c/drivers/ina3221/1-0040/hwmon/hwmon1,POWER_DERIVED_FROM_CURRENT_AND_VOLTAGE,baseline-noSEE-full-01,orin-nano-01,08493c04-ea69-45ca-948b-6993521ce06d
73,2026-08-01T17:17:29.647Z,1976,4968,9817,1903.2,10,/sys/bus/i2c/drivers/ina3221/1-0040/hwmon/hwmon1,POWER_DERIVED_FROM_CURRENT_AND_VOLTAGE,baseline-noSEE-full-01,orin-nano-01,08493c04-ea69-45ca-948b-6993521ce06d
74,2026-08-01T17:17:34.651Z,2016,4968,10015,1914.4,10,/sys/bus/i2c/drivers/ina3221/1-0040/hwmon/hwmon1,POWER_DERIVED_FROM_CURRENT_AND_VOLTAGE,baseline-noSEE-full-01,orin-nano-01,08493c04-ea69-45ca-948b-6993521ce06d
75,2026-08-01T17:17:39.656Z,1968,4968,9777,1924.0,10,/sys/bus/i2c/drivers/ina3221/1-0040/hwmon/hwmon1,POWER_DERIVED_FROM_CURRENT_AND_VOLTAGE,baseline-noSEE-full-01,orin-nano-01,08493c04-ea69-45ca-948b-6993521ce06d
76,2026-08-01T17:17:44.659Z,1936,4968,9618,1927.2,10,/sys/bus/i2c/drivers/ina3221/1-0040/hwmon/hwmon1,POWER_DERIVED_FROM_CURRENT_AND_VOLTAGE,baseline-noSEE-full-01,orin-nano-01,08493c04-ea69-45ca-948b-6993521ce06d
77,2026-08-01T17:17:49.664Z,1944,4968,9658,1932.8,10,/sys/bus/i2c/drivers/ina3221/1-0040/hwmon/hwmon1,POWER_DERIVED_FROM_CURRENT_AND_VOLTAGE,baseline-noSEE-full-01,orin-nano-01,08493c04-ea69-45ca-948b-6993521ce06d
78,2026-08-01T17:17:54.669Z,1920,4968,9539,1935.2,10,/sys/bus/i2c/drivers/ina3221/1-0040/hwmon/hwmon1,POWER_DERIVED_FROM_CURRENT_AND_VOLTAGE,baseline-noSEE-full-01,orin-nano-01,08493c04-ea69-45ca-948b-6993521ce06d
79,2026-08-01T17:17:59.671Z,1920,4968,9539,1940.0,10,/sys/bus/i2c/drivers/ina3221/1-0040/hwmon/hwmon1,POWER_DERIVED_FROM_CURRENT_AND_VOLTAGE,baseline-noSEE-full-01,orin-nano-01,08493c04-ea69-45ca-948b-6993521ce06d
80,2026-08-01T17:18:04.675Z,1904,4968,9459,1940.8,10,/sys/bus/i2c/drivers/ina3221/1-0040/hwmon/hwmon1,POWER_DERIVED_FROM_CURRENT_AND_VOLTAGE,baseline-noSEE-full-01,orin-nano-01,08493c04-ea69-45ca-948b-6993521ce06d
81,2026-08-01T17:18:09.679Z,1912,4968,9499,1940.8,10,/sys/bus/i2c/drivers/ina3221/1-0040/hwmon/hwmon1,POWER_DERIVED_FROM_CURRENT_AND_VOLTAGE,baseline-noSEE-full-01,orin-nano-01,08493c04-ea69-45ca-948b-6993521ce06d
82,2026-08-01T17:18:14.683Z,1896,4968,9419,1939.2,10,/sys/bus/i2c/drivers/ina3221/1-0040/hwmon/hwmon1,POWER_DERIVED_FROM_CURRENT_AND_VOLTAGE,baseline-noSEE-full-01,orin-nano-01,08493c04-ea69-45ca-948b-6993521ce06d
83,2026-08-01T17:18:19.687Z,1912,4968,9499,1932.8,10,/sys/bus/i2c/drivers/ina3221/1-0040/hwmon/hwmon1,POWER_DERIVED_FROM_CURRENT_AND_VOLTAGE,baseline-noSEE-full-01,orin-nano-01,08493c04-ea69-45ca-948b-6993521ce06d
84,2026-08-01T17:18:24.691Z,1896,4968,9419,1920.8,10,/sys/bus/i2c/drivers/ina3221/1-0040/hwmon/hwmon1,POWER_DERIVED_FROM_CURRENT_AND_VOLTAGE,baseline-noSEE-full-01,orin-nano-01,08493c04-ea69-45ca-948b-6993521ce06d
85,2026-08-01T17:18:29.695Z,1904,4968,9459,1914.4,10,/sys/bus/i2c/drivers/ina3221/1-0040/hwmon/hwmon1,POWER_DERIVED_FROM_CURRENT_AND_VOLTAGE,baseline-noSEE-full-01,orin-nano-01,08493c04-ea69-45ca-948b-6993521ce06d
86,2026-08-01T17:18:34.699Z,1880,4968,9340,1908.8,10,/sys/bus/i2c/drivers/ina3221/1-0040/hwmon/hwmon1,POWER_DERIVED_FROM_CURRENT_AND_VOLTAGE,baseline-noSEE-full-01,orin-nano-01,08493c04-ea69-45ca-948b-6993521ce06d
87,2026-08-01T17:18:39.703Z,1912,4968,9499,1905.6,10,/sys/bus/i2c/drivers/ina3221/1-0040/hwmon/hwmon1,POWER_DERIVED_FROM_CURRENT_AND_VOLTAGE,baseline-noSEE-full-01,orin-nano-01,08493c04-ea69-45ca-948b-6993521ce06d
88,2026-08-01T17:18:44.707Z,1960,4968,9737,1909.6,10,/sys/bus/i2c/drivers/ina3221/1-0040/hwmon/hwmon1,POWER_DERIVED_FROM_CURRENT_AND_VOLTAGE,baseline-noSEE-full-01,orin-nano-01,08493c04-ea69-45ca-948b-6993521ce06d
89,2026-08-01T17:18:49.711Z,2008,4968,9976,1918.4,10,/sys/bus/i2c/drivers/ina3221/1-0040/hwmon/hwmon1,POWER_DERIVED_FROM_CURRENT_AND_VOLTAGE,baseline-noSEE-full-01,orin-nano-01,08493c04-ea69-45ca-948b-6993521ce06d
90,2026-08-01T17:18:54.715Z,1984,4968,9857,1926.4,10,/sys/bus/i2c/drivers/ina3221/1-0040/hwmon/hwmon1,POWER_DERIVED_FROM_CURRENT_AND_VOLTAGE,baseline-noSEE-full-01,orin-nano-01,08493c04-ea69-45ca-948b-6993521ce06d
91,2026-08-01T17:18:59.719Z,1952,4968,9698,1930.4,10,/sys/bus/i2c/drivers/ina3221/1-0040/hwmon/hwmon1,POWER_DERIVED_FROM_CURRENT_AND_VOLTAGE,baseline-noSEE-full-01,orin-nano-01,08493c04-ea69-45ca-948b-6993521ce06d
92,2026-08-01T17:19:04.723Z,1936,4968,9618,1934.4,10,/sys/bus/i2c/drivers/ina3221/1-0040/hwmon/hwmon1,POWER_DERIVED_FROM_CURRENT_AND_VOLTAGE,baseline-noSEE-full-01,orin-nano-01,08493c04-ea69-45ca-948b-6993521ce06d
93,2026-08-01T17:19:09.727Z,1944,4968,9658,1937.6,10,/sys/bus/i2c/drivers/ina3221/1-0040/hwmon/hwmon1,POWER_DERIVED_FROM_CURRENT_AND_VOLTAGE,baseline-noSEE-full-01,orin-nano-01,08493c04-ea69-45ca-948b-6993521ce06d
94,2026-08-01T17:19:14.731Z,1912,4968,9499,1939.2,10,/sys/bus/i2c/drivers/ina3221/1-0040/hwmon/hwmon1,POWER_DERIVED_FROM_CURRENT_AND_VOLTAGE,baseline-noSEE-full-01,orin-nano-01,08493c04-ea69-45ca-948b-6993521ce06d
95,2026-08-01T17:19:19.735Z,1920,4968,9539,1940.8,10,/sys/bus/i2c/drivers/ina3221/1-0040/hwmon/hwmon1,POWER_DERIVED_FROM_CURRENT_AND_VOLTAGE,baseline-noSEE-full-01,orin-nano-01,08493c04-ea69-45ca-948b-6993521ce06d
96,2026-08-01T17:19:24.739Z,1928,4968,9578,1945.6,10,/sys/bus/i2c/drivers/ina3221/1-0040/hwmon/hwmon1,POWER_DERIVED_FROM_CURRENT_AND_VOLTAGE,baseline-noSEE-full-01,orin-nano-01,08493c04-ea69-45ca-948b-6993521ce06d
97,2026-08-01T17:19:29.743Z,1928,4968,9578,1947.2,10,/sys/bus/i2c/drivers/ina3221/1-0040/hwmon/hwmon1,POWER_DERIVED_FROM_CURRENT_AND_VOLTAGE,baseline-noSEE-full-01,orin-nano-01,08493c04-ea69-45ca-948b-6993521ce06d
98,2026-08-01T17:19:34.747Z,1896,4968,9419,1940.8,10,/sys/bus/i2c/drivers/ina3221/1-0040/hwmon/hwmon1,POWER_DERIVED_FROM_CURRENT_AND_VOLTAGE,baseline-noSEE-full-01,orin-nano-01,08493c04-ea69-45ca-948b-6993521ce06d
99,2026-08-01T17:19:39.751Z,1912,4968,9499,1931.2,10,/sys/bus/i2c/drivers/ina3221/1-0040/hwmon/hwmon1,POWER_DERIVED_FROM_CURRENT_AND_VOLTAGE,baseline-noSEE-full-01,orin-nano-01,08493c04-ea69-45ca-948b-6993521ce06d
100,2026-08-01T17:19:44.755Z,1896,4968,9419,1922.4,10,/sys/bus/i2c/drivers/ina3221/1-0040/hwmon/hwmon1,POWER_DERIVED_FROM_CURRENT_AND_VOLTAGE,baseline-noSEE-full-01,orin-nano-01,08493c04-ea69-45ca-948b-6993521ce06d
101,2026-08-01T17:19:49.760Z,1912,4968,9499,1918.4,10,/sys/bus/i2c/drivers/ina3221/1-0040/hwmon/hwmon1,POWER_DERIVED_FROM_CURRENT_AND_VOLTAGE,baseline-noSEE-full-01,orin-nano-01,08493c04-ea69-45ca-948b-6993521ce06d
102,2026-08-01T17:19:54.763Z,1888,4968,9380,1913.6,10,/sys/bus/i2c/drivers/ina3221/1-0040/hwmon/hwmon1,POWER_DERIVED_FROM_CURRENT_AND_VOLTAGE,baseline-noSEE-full-01,orin-nano-01,08493c04-ea69-45ca-948b-6993521ce06d
103,2026-08-01T17:19:59.767Z,1904,4968,9459,1909.6,10,/sys/bus/i2c/drivers/ina3221/1-0040/hwmon/hwmon1,POWER_DERIVED_FROM_CURRENT_AND_VOLTAGE,baseline-noSEE-full-01,orin-nano-01,08493c04-ea69-45ca-948b-6993521ce06d
104,2026-08-01T17:20:04.771Z,1896,4968,9419,1908.0,10,/sys/bus/i2c/drivers/ina3221/1-0040/hwmon/hwmon1,POWER_DERIVED_FROM_CURRENT_AND_VOLTAGE,baseline-noSEE-full-01,orin-nano-01,08493c04-ea69-45ca-948b-6993521ce06d
105,2026-08-01T17:20:09.775Z,1928,4968,9578,1908.8,10,/sys/bus/i2c/drivers/ina3221/1-0040/hwmon/hwmon1,POWER_DERIVED_FROM_CURRENT_AND_VOLTAGE,baseline-noSEE-full-01,orin-nano-01,08493c04-ea69-45ca-948b-6993521ce06d
106,2026-08-01T17:20:14.779Z,1920,4968,9539,1908.0,10,/sys/bus/i2c/drivers/ina3221/1-0040/hwmon/hwmon1,POWER_DERIVED_FROM_CURRENT_AND_VOLTAGE,baseline-noSEE-full-01,orin-nano-01,08493c04-ea69-45ca-948b-6993521ce06d
107,2026-08-01T17:20:19.783Z,1896,4968,9419,1904.8,10,/sys/bus/i2c/drivers/ina3221/1-0040/hwmon/hwmon1,POWER_DERIVED_FROM_CURRENT_AND_VOLTAGE,baseline-noSEE-full-01,orin-nano-01,08493c04-ea69-45ca-948b-6993521ce06d
108,2026-08-01T17:20:24.787Z,1888,4968,9380,1904.0,10,/sys/bus/i2c/drivers/ina3221/1-0040/hwmon/hwmon1,POWER_DERIVED_FROM_CURRENT_AND_VOLTAGE,baseline-noSEE-full-01,orin-nano-01,08493c04-ea69-45ca-948b-6993521ce06d
109,2026-08-01T17:20:29.791Z,1904,4968,9459,1903.2,10,/sys/bus/i2c/drivers/ina3221/1-0040/hwmon/hwmon1,POWER_DERIVED_FROM_CURRENT_AND_VOLTAGE,baseline-noSEE-full-01,orin-nano-01,08493c04-ea69-45ca-948b-6993521ce06d
110,2026-08-01T17:20:34.795Z,1872,4968,9300,1900.8,10,/sys/bus/i2c/drivers/ina3221/1-0040/hwmon/hwmon1,POWER_DERIVED_FROM_CURRENT_AND_VOLTAGE,baseline-noSEE-full-01,orin-nano-01,08493c04-ea69-45ca-948b-6993521ce06d
111,2026-08-01T17:20:39.799Z,1904,4968,9459,1900.0,10,/sys/bus/i2c/drivers/ina3221/1-0040/hwmon/hwmon1,POWER_DERIVED_FROM_CURRENT_AND_VOLTAGE,baseline-noSEE-full-01,orin-nano-01,08493c04-ea69-45ca-948b-6993521ce06d
112,2026-08-01T17:20:44.803Z,1896,4968,9419,1900.8,10,/sys/bus/i2c/drivers/ina3221/1-0040/hwmon/hwmon1,POWER_DERIVED_FROM_CURRENT_AND_VOLTAGE,baseline-noSEE-full-01,orin-nano-01,08493c04-ea69-45ca-948b-6993521ce06d
113,2026-08-01T17:20:49.807Z,1968,4968,9777,1907.2,10,/sys/bus/i2c/drivers/ina3221/1-0040/hwmon/hwmon1,POWER_DERIVED_FROM_CURRENT_AND_VOLTAGE,baseline-noSEE-full-01,orin-nano-01,08493c04-ea69-45ca-948b-6993521ce06d
114,2026-08-01T17:20:54.811Z,1960,4968,9737,1913.6,10,/sys/bus/i2c/drivers/ina3221/1-0040/hwmon/hwmon1,POWER_DERIVED_FROM_CURRENT_AND_VOLTAGE,baseline-noSEE-full-01,orin-nano-01,08493c04-ea69-45ca-948b-6993521ce06d
115,2026-08-01T17:20:59.816Z,1952,4968,9698,1916.0,10,/sys/bus/i2c/drivers/ina3221/1-0040/hwmon/hwmon1,POWER_DERIVED_FROM_CURRENT_AND_VOLTAGE,baseline-noSEE-full-01,orin-nano-01,08493c04-ea69-45ca-948b-6993521ce06d
116,2026-08-01T17:21:04.819Z,1912,4968,9499,1915.2,10,/sys/bus/i2c/drivers/ina3221/1-0040/hwmon/hwmon1,POWER_DERIVED_FROM_CURRENT_AND_VOLTAGE,baseline-noSEE-full-01,orin-nano-01,08493c04-ea69-45ca-948b-6993521ce06d
117,2026-08-01T17:21:09.824Z,1944,4968,9658,1920.0,10,/sys/bus/i2c/drivers/ina3221/1-0040/hwmon/hwmon1,POWER_DERIVED_FROM_CURRENT_AND_VOLTAGE,baseline-noSEE-full-01,orin-nano-01,08493c04-ea69-45ca-948b-6993521ce06d
118,2026-08-01T17:21:14.827Z,1920,4968,9539,1923.2,10,/sys/bus/i2c/drivers/ina3221/1-0040/hwmon/hwmon1,POWER_DERIVED_FROM_CURRENT_AND_VOLTAGE,baseline-noSEE-full-01,orin-nano-01,08493c04-ea69-45ca-948b-6993521ce06d
119,2026-08-01T17:21:19.831Z,1912,4968,9499,1924.0,10,/sys/bus/i2c/drivers/ina3221/1-0040/hwmon/hwmon1,POWER_DERIVED_FROM_CURRENT_AND_VOLTAGE,baseline-noSEE-full-01,orin-nano-01,08493c04-ea69-45ca-948b-6993521ce06d
120,2026-08-01T17:21:24.835Z,1896,4968,9419,1926.4,10,/sys/bus/i2c/drivers/ina3221/1-0040/hwmon/hwmon1,POWER_DERIVED_FROM_CURRENT_AND_VOLTAGE,baseline-noSEE-full-01,orin-nano-01,08493c04-ea69-45ca-948b-6993521ce06d
121,2026-08-01T17:21:29.839Z,1936,4968,9618,1929.6,10,/sys/bus/i2c/drivers/ina3221/1-0040/hwmon/hwmon1,POWER_DERIVED_FROM_CURRENT_AND_VOLTAGE,baseline-noSEE-full-01,orin-nano-01,08493c04-ea69-45ca-948b-6993521ce06d
122,2026-08-01T17:21:34.843Z,1904,4968,9459,1930.4,10,/sys/bus/i2c/drivers/ina3221/1-0040/hwmon/hwmon1,POWER_DERIVED_FROM_CURRENT_AND_VOLTAGE,baseline-noSEE-full-01,orin-nano-01,08493c04-ea69-45ca-948b-6993521ce06d
123,2026-08-01T17:21:39.847Z,1896,4968,9419,1923.2,10,/sys/bus/i2c/drivers/ina3221/1-0040/hwmon/hwmon1,POWER_DERIVED_FROM_CURRENT_AND_VOLTAGE,baseline-noSEE-full-01,orin-nano-01,08493c04-ea69-45ca-948b-6993521ce06d
124,2026-08-01T17:21:44.851Z,1888,4968,9380,1916.0,10,/sys/bus/i2c/drivers/ina3221/1-0040/hwmon/hwmon1,POWER_DERIVED_FROM_CURRENT_AND_VOLTAGE,baseline-noSEE-full-01,orin-nano-01,08493c04-ea69-45ca-948b-6993521ce06d
125,2026-08-01T17:21:49.856Z,1896,4968,9419,1910.4,10,/sys/bus/i2c/drivers/ina3221/1-0040/hwmon/hwmon1,POWER_DERIVED_FROM_CURRENT_AND_VOLTAGE,baseline-noSEE-full-01,orin-nano-01,08493c04-ea69-45ca-948b-6993521ce06d
126,2026-08-01T17:21:54.859Z,1888,4968,9380,1908.0,10,/sys/bus/i2c/drivers/ina3221/1-0040/hwmon/hwmon1,POWER_DERIVED_FROM_CURRENT_AND_VOLTAGE,baseline-noSEE-full-01,orin-nano-01,08493c04-ea69-45ca-948b-6993521ce06d
127,2026-08-01T17:21:59.863Z,1936,4968,9618,1907.2,10,/sys/bus/i2c/drivers/ina3221/1-0040/hwmon/hwmon1,POWER_DERIVED_FROM_CURRENT_AND_VOLTAGE,baseline-noSEE-full-01,orin-nano-01,08493c04-ea69-45ca-948b-6993521ce06d
128,2026-08-01T17:22:04.868Z,1984,4968,9857,1913.6,10,/sys/bus/i2c/drivers/ina3221/1-0040/hwmon/hwmon1,POWER_DERIVED_FROM_CURRENT_AND_VOLTAGE,baseline-noSEE-full-01,orin-nano-01,08493c04-ea69-45ca-948b-6993521ce06d
129,2026-08-01T17:22:09.871Z,1976,4968,9817,1920.0,10,/sys/bus/i2c/drivers/ina3221/1-0040/hwmon/hwmon1,POWER_DERIVED_FROM_CURRENT_AND_VOLTAGE,baseline-noSEE-full-01,orin-nano-01,08493c04-ea69-45ca-948b-6993521ce06d
130,2026-08-01T17:22:14.875Z,1968,4968,9777,1927.2,10,/sys/bus/i2c/drivers/ina3221/1-0040/hwmon/hwmon1,POWER_DERIVED_FROM_CURRENT_AND_VOLTAGE,baseline-noSEE-full-01,orin-nano-01,08493c04-ea69-45ca-948b-6993521ce06d
131,2026-08-01T17:22:19.879Z,1928,4968,9578,1926.4,10,/sys/bus/i2c/drivers/ina3221/1-0040/hwmon/hwmon1,POWER_DERIVED_FROM_CURRENT_AND_VOLTAGE,baseline-noSEE-full-01,orin-nano-01,08493c04-ea69-45ca-948b-6993521ce06d
132,2026-08-01T17:22:24.884Z,1944,4968,9658,1930.4,10,/sys/bus/i2c/drivers/ina3221/1-0040/hwmon/hwmon1,POWER_DERIVED_FROM_CURRENT_AND_VOLTAGE,baseline-noSEE-full-01,orin-nano-01,08493c04-ea69-45ca-948b-6993521ce06d
133,2026-08-01T17:22:29.889Z,1936,4968,9618,1934.4,10,/sys/bus/i2c/drivers/ina3221/1-0040/hwmon/hwmon1,POWER_DERIVED_FROM_CURRENT_AND_VOLTAGE,baseline-noSEE-full-01,orin-nano-01,08493c04-ea69-45ca-948b-6993521ce06d
134,2026-08-01T17:22:34.894Z,1936,4968,9618,1939.2,10,/sys/bus/i2c/drivers/ina3221/1-0040/hwmon/hwmon1,POWER_DERIVED_FROM_CURRENT_AND_VOLTAGE,baseline-noSEE-full-01,orin-nano-01,08493c04-ea69-45ca-948b-6993521ce06d
135,2026-08-01T17:22:39.899Z,1920,4968,9539,1941.6,10,/sys/bus/i2c/drivers/ina3221/1-0040/hwmon/hwmon1,POWER_DERIVED_FROM_CURRENT_AND_VOLTAGE,baseline-noSEE-full-01,orin-nano-01,08493c04-ea69-45ca-948b-6993521ce06d
136,2026-08-01T17:22:44.903Z,1936,4968,9618,1946.4,10,/sys/bus/i2c/drivers/ina3221/1-0040/hwmon/hwmon1,POWER_DERIVED_FROM_CURRENT_AND_VOLTAGE,baseline-noSEE-full-01,orin-nano-01,08493c04-ea69-45ca-948b-6993521ce06d
137,2026-08-01T17:22:49.908Z,1928,4968,9578,1945.6,10,/sys/bus/i2c/drivers/ina3221/1-0040/hwmon/hwmon1,POWER_DERIVED_FROM_CURRENT_AND_VOLTAGE,baseline-noSEE-full-01,orin-nano-01,08493c04-ea69-45ca-948b-6993521ce06d
138,2026-08-01T17:22:54.911Z,1888,4968,9380,1936.0,10,/sys/bus/i2c/drivers/ina3221/1-0040/hwmon/hwmon1,POWER_DERIVED_FROM_CURRENT_AND_VOLTAGE,baseline-noSEE-full-01,orin-nano-01,08493c04-ea69-45ca-948b-6993521ce06d
139,2026-08-01T17:22:59.916Z,1896,4968,9419,1928.0,10,/sys/bus/i2c/drivers/ina3221/1-0040/hwmon/hwmon1,POWER_DERIVED_FROM_CURRENT_AND_VOLTAGE,baseline-noSEE-full-01,orin-nano-01,08493c04-ea69-45ca-948b-6993521ce06d
140,2026-08-01T17:23:04.921Z,1904,4968,9459,1921.6,10,/sys/bus/i2c/drivers/ina3221/1-0040/hwmon/hwmon1,POWER_DERIVED_FROM_CURRENT_AND_VOLTAGE,baseline-noSEE-full-01,orin-nano-01,08493c04-ea69-45ca-948b-6993521ce06d
141,2026-08-01T17:23:09.926Z,1888,4968,9380,1917.6,10,/sys/bus/i2c/drivers/ina3221/1-0040/hwmon/hwmon1,POWER_DERIVED_FROM_CURRENT_AND_VOLTAGE,baseline-noSEE-full-01,orin-nano-01,08493c04-ea69-45ca-948b-6993521ce06d
142,2026-08-01T17:23:14.931Z,1904,4968,9459,1913.6,10,/sys/bus/i2c/drivers/ina3221/1-0040/hwmon/hwmon1,POWER_DERIVED_FROM_CURRENT_AND_VOLTAGE,baseline-noSEE-full-01,orin-nano-01,08493c04-ea69-45ca-948b-6993521ce06d
143,2026-08-01T17:23:19.935Z,1896,4968,9419,1909.6,10,/sys/bus/i2c/drivers/ina3221/1-0040/hwmon/hwmon1,POWER_DERIVED_FROM_CURRENT_AND_VOLTAGE,baseline-noSEE-full-01,orin-nano-01,08493c04-ea69-45ca-948b-6993521ce06d
144,2026-08-01T17:23:24.939Z,1936,4968,9618,1909.6,10,/sys/bus/i2c/drivers/ina3221/1-0040/hwmon/hwmon1,POWER_DERIVED_FROM_CURRENT_AND_VOLTAGE,baseline-noSEE-full-01,orin-nano-01,08493c04-ea69-45ca-948b-6993521ce06d
145,2026-08-01T17:23:29.943Z,1952,4968,9698,1912.8,10,/sys/bus/i2c/drivers/ina3221/1-0040/hwmon/hwmon1,POWER_DERIVED_FROM_CURRENT_AND_VOLTAGE,baseline-noSEE-full-01,orin-nano-01,08493c04-ea69-45ca-948b-6993521ce06d
146,2026-08-01T17:23:34.947Z,1992,4968,9896,1918.4,10,/sys/bus/i2c/drivers/ina3221/1-0040/hwmon/hwmon1,POWER_DERIVED_FROM_CURRENT_AND_VOLTAGE,baseline-noSEE-full-01,orin-nano-01,08493c04-ea69-45ca-948b-6993521ce06d
147,2026-08-01T17:23:39.952Z,1960,4968,9737,1921.6,10,/sys/bus/i2c/drivers/ina3221/1-0040/hwmon/hwmon1,POWER_DERIVED_FROM_CURRENT_AND_VOLTAGE,baseline-noSEE-full-01,orin-nano-01,08493c04-ea69-45ca-948b-6993521ce06d
148,2026-08-01T17:23:44.957Z,1952,4968,9698,1928.0,10,/sys/bus/i2c/drivers/ina3221/1-0040/hwmon/hwmon1,POWER_DERIVED_FROM_CURRENT_AND_VOLTAGE,baseline-noSEE-full-01,orin-nano-01,08493c04-ea69-45ca-948b-6993521ce06d
149,2026-08-01T17:23:49.959Z,1912,4968,9499,1929.6,10,/sys/bus/i2c/drivers/ina3221/1-0040/hwmon/hwmon1,POWER_DERIVED_FROM_CURRENT_AND_VOLTAGE,baseline-noSEE-full-01,orin-nano-01,08493c04-ea69-45ca-948b-6993521ce06d
150,2026-08-01T17:23:54.963Z,1928,4968,9578,1932.0,10,/sys/bus/i2c/drivers/ina3221/1-0040/hwmon/hwmon1,POWER_DERIVED_FROM_CURRENT_AND_VOLTAGE,baseline-noSEE-full-01,orin-nano-01,08493c04-ea69-45ca-948b-6993521ce06d
151,2026-08-01T17:23:59.967Z,1920,4968,9539,1935.2,10,/sys/bus/i2c/drivers/ina3221/1-0040/hwmon/hwmon1,POWER_DERIVED_FROM_CURRENT_AND_VOLTAGE,baseline-noSEE-full-01,orin-nano-01,08493c04-ea69-45ca-948b-6993521ce06d
152,2026-08-01T17:24:04.972Z,1936,4968,9618,1938.4,10,/sys/bus/i2c/drivers/ina3221/1-0040/hwmon/hwmon1,POWER_DERIVED_FROM_CURRENT_AND_VOLTAGE,baseline-noSEE-full-01,orin-nano-01,08493c04-ea69-45ca-948b-6993521ce06d
153,2026-08-01T17:24:09.975Z,1952,4968,9698,1944.0,10,/sys/bus/i2c/drivers/ina3221/1-0040/hwmon/hwmon1,POWER_DERIVED_FROM_CURRENT_AND_VOLTAGE,baseline-noSEE-full-01,orin-nano-01,08493c04-ea69-45ca-948b-6993521ce06d
154,2026-08-01T17:24:14.979Z,1912,4968,9499,1941.6,10,/sys/bus/i2c/drivers/ina3221/1-0040/hwmon/hwmon1,POWER_DERIVED_FROM_CURRENT_AND_VOLTAGE,baseline-noSEE-full-01,orin-nano-01,08493c04-ea69-45ca-948b-6993521ce06d
155,2026-08-01T17:24:19.984Z,1888,4968,9380,1935.2,10,/sys/bus/i2c/drivers/ina3221/1-0040/hwmon/hwmon1,POWER_DERIVED_FROM_CURRENT_AND_VOLTAGE,baseline-noSEE-full-01,orin-nano-01,08493c04-ea69-45ca-948b-6993521ce06d
156,2026-08-01T17:24:24.987Z,1920,4968,9539,1928.0,10,/sys/bus/i2c/drivers/ina3221/1-0040/hwmon/hwmon1,POWER_DERIVED_FROM_CURRENT_AND_VOLTAGE,baseline-noSEE-full-01,orin-nano-01,08493c04-ea69-45ca-948b-6993521ce06d
157,2026-08-01T17:24:29.992Z,1888,4968,9380,1920.8,10,/sys/bus/i2c/drivers/ina3221/1-0040/hwmon/hwmon1,POWER_DERIVED_FROM_CURRENT_AND_VOLTAGE,baseline-noSEE-full-01,orin-nano-01,08493c04-ea69-45ca-948b-6993521ce06d
158,2026-08-01T17:24:34.995Z,1904,4968,9459,1916.0,10,/sys/bus/i2c/drivers/ina3221/1-0040/hwmon/hwmon1,POWER_DERIVED_FROM_CURRENT_AND_VOLTAGE,baseline-noSEE-full-01,orin-nano-01,08493c04-ea69-45ca-948b-6993521ce06d
159,2026-08-01T17:24:40.000Z,1880,4968,9340,1912.8,10,/sys/bus/i2c/drivers/ina3221/1-0040/hwmon/hwmon1,POWER_DERIVED_FROM_CURRENT_AND_VOLTAGE,baseline-noSEE-full-01,orin-nano-01,08493c04-ea69-45ca-948b-6993521ce06d
160,2026-08-01T17:24:45.005Z,1904,4968,9459,1910.4,10,/sys/bus/i2c/drivers/ina3221/1-0040/hwmon/hwmon1,POWER_DERIVED_FROM_CURRENT_AND_VOLTAGE,baseline-noSEE-full-01,orin-nano-01,08493c04-ea69-45ca-948b-6993521ce06d
161,2026-08-01T17:24:50.010Z,1880,4968,9340,1906.4,10,/sys/bus/i2c/drivers/ina3221/1-0040/hwmon/hwmon1,POWER_DERIVED_FROM_CURRENT_AND_VOLTAGE,baseline-noSEE-full-01,orin-nano-01,08493c04-ea69-45ca-948b-6993521ce06d
162,2026-08-01T17:24:55.015Z,1896,4968,9419,1902.4,10,/sys/bus/i2c/drivers/ina3221/1-0040/hwmon/hwmon1,POWER_DERIVED_FROM_CURRENT_AND_VOLTAGE,baseline-noSEE-full-01,orin-nano-01,08493c04-ea69-45ca-948b-6993521ce06d
163,2026-08-01T17:25:00.019Z,1880,4968,9340,1895.2,10,/sys/bus/i2c/drivers/ina3221/1-0040/hwmon/hwmon1,POWER_DERIVED_FROM_CURRENT_AND_VOLTAGE,baseline-noSEE-full-01,orin-nano-01,08493c04-ea69-45ca-948b-6993521ce06d
164,2026-08-01T17:25:05.023Z,1904,4968,9459,1894.4,10,/sys/bus/i2c/drivers/ina3221/1-0040/hwmon/hwmon1,POWER_DERIVED_FROM_CURRENT_AND_VOLTAGE,baseline-noSEE-full-01,orin-nano-01,08493c04-ea69-45ca-948b-6993521ce06d
165,2026-08-01T17:25:10.027Z,1896,4968,9419,1895.2,10,/sys/bus/i2c/drivers/ina3221/1-0040/hwmon/hwmon1,POWER_DERIVED_FROM_CURRENT_AND_VOLTAGE,baseline-noSEE-full-01,orin-nano-01,08493c04-ea69-45ca-948b-6993521ce06d
166,2026-08-01T17:25:15.031Z,1904,4968,9459,1893.6,10,/sys/bus/i2c/drivers/ina3221/1-0040/hwmon/hwmon1,POWER_DERIVED_FROM_CURRENT_AND_VOLTAGE,baseline-noSEE-full-01,orin-nano-01,08493c04-ea69-45ca-948b-6993521ce06d
167,2026-08-01T17:25:20.035Z,1936,4968,9618,1898.4,10,/sys/bus/i2c/drivers/ina3221/1-0040/hwmon/hwmon1,POWER_DERIVED_FROM_CURRENT_AND_VOLTAGE,baseline-noSEE-full-01,orin-nano-01,08493c04-ea69-45ca-948b-6993521ce06d
168,2026-08-01T17:25:25.039Z,2008,4968,9976,1908.8,10,/sys/bus/i2c/drivers/ina3221/1-0040/hwmon/hwmon1,POWER_DERIVED_FROM_CURRENT_AND_VOLTAGE,baseline-noSEE-full-01,orin-nano-01,08493c04-ea69-45ca-948b-6993521ce06d
169,2026-08-01T17:25:30.040Z,1984,4968,9857,1919.2,10,/sys/bus/i2c/drivers/ina3221/1-0040/hwmon/hwmon1,POWER_DERIVED_FROM_CURRENT_AND_VOLTAGE,baseline-noSEE-full-01,orin-nano-01,08493c04-ea69-45ca-948b-6993521ce06d
170,2026-08-01T17:25:35.045Z,1968,4968,9777,1925.6,10,/sys/bus/i2c/drivers/ina3221/1-0040/hwmon/hwmon1,POWER_DERIVED_FROM_CURRENT_AND_VOLTAGE,baseline-noSEE-full-01,orin-nano-01,08493c04-ea69-45ca-948b-6993521ce06d
171,2026-08-01T17:25:40.047Z,1936,4968,9618,1931.2,10,/sys/bus/i2c/drivers/ina3221/1-0040/hwmon/hwmon1,POWER_DERIVED_FROM_CURRENT_AND_VOLTAGE,baseline-noSEE-full-01,orin-nano-01,08493c04-ea69-45ca-948b-6993521ce06d
172,2026-08-01T17:25:45.051Z,1928,4968,9578,1934.4,10,/sys/bus/i2c/drivers/ina3221/1-0040/hwmon/hwmon1,POWER_DERIVED_FROM_CURRENT_AND_VOLTAGE,baseline-noSEE-full-01,orin-nano-01,08493c04-ea69-45ca-948b-6993521ce06d
173,2026-08-01T17:25:50.056Z,1896,4968,9419,1936.0,10,/sys/bus/i2c/drivers/ina3221/1-0040/hwmon/hwmon1,POWER_DERIVED_FROM_CURRENT_AND_VOLTAGE,baseline-noSEE-full-01,orin-nano-01,08493c04-ea69-45ca-948b-6993521ce06d
174,2026-08-01T17:25:55.061Z,1912,4968,9499,1936.8,10,/sys/bus/i2c/drivers/ina3221/1-0040/hwmon/hwmon1,POWER_DERIVED_FROM_CURRENT_AND_VOLTAGE,baseline-noSEE-full-01,orin-nano-01,08493c04-ea69-45ca-948b-6993521ce06d
175,2026-08-01T17:26:00.066Z,1912,4968,9499,1938.4,10,/sys/bus/i2c/drivers/ina3221/1-0040/hwmon/hwmon1,POWER_DERIVED_FROM_CURRENT_AND_VOLTAGE,baseline-noSEE-full-01,orin-nano-01,08493c04-ea69-45ca-948b-6993521ce06d
176,2026-08-01T17:26:05.071Z,1896,4968,9419,1937.6,10,/sys/bus/i2c/drivers/ina3221/1-0040/hwmon/hwmon1,POWER_DERIVED_FROM_CURRENT_AND_VOLTAGE,baseline-noSEE-full-01,orin-nano-01,08493c04-ea69-45ca-948b-6993521ce06d
177,2026-08-01T17:26:10.076Z,1920,4968,9539,1936.0,10,/sys/bus/i2c/drivers/ina3221/1-0040/hwmon/hwmon1,POWER_DERIVED_FROM_CURRENT_AND_VOLTAGE,baseline-noSEE-full-01,orin-nano-01,08493c04-ea69-45ca-948b-6993521ce06d
178,2026-08-01T17:26:15.079Z,1896,4968,9419,1924.8,10,/sys/bus/i2c/drivers/ina3221/1-0040/hwmon/hwmon1,POWER_DERIVED_FROM_CURRENT_AND_VOLTAGE,baseline-noSEE-full-01,orin-nano-01,08493c04-ea69-45ca-948b-6993521ce06d
179,2026-08-01T17:26:20.083Z,1904,4968,9459,1916.8,10,/sys/bus/i2c/drivers/ina3221/1-0040/hwmon/hwmon1,POWER_DERIVED_FROM_CURRENT_AND_VOLTAGE,baseline-noSEE-full-01,orin-nano-01,08493c04-ea69-45ca-948b-6993521ce06d
180,2026-08-01T17:26:25.088Z,1888,4968,9380,1908.8,10,/sys/bus/i2c/drivers/ina3221/1-0040/hwmon/hwmon1,POWER_DERIVED_FROM_CURRENT_AND_VOLTAGE,baseline-noSEE-full-01,orin-nano-01,08493c04-ea69-45ca-948b-6993521ce06d
181,2026-08-01T17:26:30.091Z,1912,4968,9499,1906.4,10,/sys/bus/i2c/drivers/ina3221/1-0040/hwmon/hwmon1,POWER_DERIVED_FROM_CURRENT_AND_VOLTAGE,baseline-noSEE-full-01,orin-nano-01,08493c04-ea69-45ca-948b-6993521ce06d
182,2026-08-01T17:26:35.095Z,1896,4968,9419,1903.2,10,/sys/bus/i2c/drivers/ina3221/1-0040/hwmon/hwmon1,POWER_DERIVED_FROM_CURRENT_AND_VOLTAGE,baseline-noSEE-full-01,orin-nano-01,08493c04-ea69-45ca-948b-6993521ce06d
183,2026-08-01T17:26:40.099Z,1920,4968,9539,1905.6,10,/sys/bus/i2c/drivers/ina3221/1-0040/hwmon/hwmon1,POWER_DERIVED_FROM_CURRENT_AND_VOLTAGE,baseline-noSEE-full-01,orin-nano-01,08493c04-ea69-45ca-948b-6993521ce06d
184,2026-08-01T17:26:45.103Z,1920,4968,9539,1906.4,10,/sys/bus/i2c/drivers/ina3221/1-0040/hwmon/hwmon1,POWER_DERIVED_FROM_CURRENT_AND_VOLTAGE,baseline-noSEE-full-01,orin-nano-01,08493c04-ea69-45ca-948b-6993521ce06d
185,2026-08-01T17:26:50.108Z,1872,4968,9300,1902.4,10,/sys/bus/i2c/drivers/ina3221/1-0040/hwmon/hwmon1,POWER_DERIVED_FROM_CURRENT_AND_VOLTAGE,baseline-noSEE-full-01,orin-nano-01,08493c04-ea69-45ca-948b-6993521ce06d
186,2026-08-01T17:26:55.113Z,1896,4968,9419,1902.4,10,/sys/bus/i2c/drivers/ina3221/1-0040/hwmon/hwmon1,POWER_DERIVED_FROM_CURRENT_AND_VOLTAGE,baseline-noSEE-full-01,orin-nano-01,08493c04-ea69-45ca-948b-6993521ce06d
187,2026-08-01T17:27:00.118Z,1912,4968,9499,1901.6,10,/sys/bus/i2c/drivers/ina3221/1-0040/hwmon/hwmon1,POWER_DERIVED_FROM_CURRENT_AND_VOLTAGE,baseline-noSEE-full-01,orin-nano-01,08493c04-ea69-45ca-948b-6993521ce06d
188,2026-08-01T17:27:05.123Z,1896,4968,9419,1901.6,10,/sys/bus/i2c/drivers/ina3221/1-0040/hwmon/hwmon1,POWER_DERIVED_FROM_CURRENT_AND_VOLTAGE,baseline-noSEE-full-01,orin-nano-01,08493c04-ea69-45ca-948b-6993521ce06d
189,2026-08-01T17:27:10.128Z,1904,4968,9459,1901.6,10,/sys/bus/i2c/drivers/ina3221/1-0040/hwmon/hwmon1,POWER_DERIVED_FROM_CURRENT_AND_VOLTAGE,baseline-noSEE-full-01,orin-nano-01,08493c04-ea69-45ca-948b-6993521ce06d
190,2026-08-01T17:27:15.133Z,1896,4968,9419,1902.4,10,/sys/bus/i2c/drivers/ina3221/1-0040/hwmon/hwmon1,POWER_DERIVED_FROM_CURRENT_AND_VOLTAGE,baseline-noSEE-full-01,orin-nano-01,08493c04-ea69-45ca-948b-6993521ce06d
191,2026-08-01T17:27:20.135Z,1904,4968,9459,1901.6,10,/sys/bus/i2c/drivers/ina3221/1-0040/hwmon/hwmon1,POWER_DERIVED_FROM_CURRENT_AND_VOLTAGE,baseline-noSEE-full-01,orin-nano-01,08493c04-ea69-45ca-948b-6993521ce06d
192,2026-08-01T17:27:25.140Z,1968,4968,9777,1908.8,10,/sys/bus/i2c/drivers/ina3221/1-0040/hwmon/hwmon1,POWER_DERIVED_FROM_CURRENT_AND_VOLTAGE,baseline-noSEE-full-01,orin-nano-01,08493c04-ea69-45ca-948b-6993521ce06d
193,2026-08-01T17:27:30.145Z,1904,4968,9459,1907.2,10,/sys/bus/i2c/drivers/ina3221/1-0040/hwmon/hwmon1,POWER_DERIVED_FROM_CURRENT_AND_VOLTAGE,baseline-noSEE-full-01,orin-nano-01,08493c04-ea69-45ca-948b-6993521ce06d
194,2026-08-01T17:27:35.147Z,1896,4968,9419,1904.8,10,/sys/bus/i2c/drivers/ina3221/1-0040/hwmon/hwmon1,POWER_DERIVED_FROM_CURRENT_AND_VOLTAGE,baseline-noSEE-full-01,orin-nano-01,08493c04-ea69-45ca-948b-6993521ce06d
195,2026-08-01T17:27:40.152Z,1912,4968,9499,1908.8,10,/sys/bus/i2c/drivers/ina3221/1-0040/hwmon/hwmon1,POWER_DERIVED_FROM_CURRENT_AND_VOLTAGE,baseline-noSEE-full-01,orin-nano-01,08493c04-ea69-45ca-948b-6993521ce06d
196,2026-08-01T17:27:45.155Z,1888,4968,9380,1908.0,10,/sys/bus/i2c/drivers/ina3221/1-0040/hwmon/hwmon1,POWER_DERIVED_FROM_CURRENT_AND_VOLTAGE,baseline-noSEE-full-01,orin-nano-01,08493c04-ea69-45ca-948b-6993521ce06d
197,2026-08-01T17:27:50.159Z,1960,4968,9737,1912.8,10,/sys/bus/i2c/drivers/ina3221/1-0040/hwmon/hwmon1,POWER_DERIVED_FROM_CURRENT_AND_VOLTAGE,baseline-noSEE-full-01,orin-nano-01,08493c04-ea69-45ca-948b-6993521ce06d
198,2026-08-01T17:27:55.163Z,1976,4968,9817,1920.8,10,/sys/bus/i2c/drivers/ina3221/1-0040/hwmon/hwmon1,POWER_DERIVED_FROM_CURRENT_AND_VOLTAGE,baseline-noSEE-full-01,orin-nano-01,08493c04-ea69-45ca-948b-6993521ce06d
199,2026-08-01T17:28:00.168Z,2008,4968,9976,1931.2,10,/sys/bus/i2c/drivers/ina3221/1-0040/hwmon/hwmon1,POWER_DERIVED_FROM_CURRENT_AND_VOLTAGE,baseline-noSEE-full-01,orin-nano-01,08493c04-ea69-45ca-948b-6993521ce06d
200,2026-08-01T17:28:05.173Z,1992,4968,9896,1940.8,10,/sys/bus/i2c/drivers/ina3221/1-0040/hwmon/hwmon1,POWER_DERIVED_FROM_CURRENT_AND_VOLTAGE,baseline-noSEE-full-01,orin-nano-01,08493c04-ea69-45ca-948b-6993521ce06d
201,2026-08-01T17:28:10.175Z,1944,4968,9658,1944.8,10,/sys/bus/i2c/drivers/ina3221/1-0040/hwmon/hwmon1,POWER_DERIVED_FROM_CURRENT_AND_VOLTAGE,baseline-noSEE-full-01,orin-nano-01,08493c04-ea69-45ca-948b-6993521ce06d
202,2026-08-01T17:28:15.180Z,1904,4968,9459,1938.4,10,/sys/bus/i2c/drivers/ina3221/1-0040/hwmon/hwmon1,POWER_DERIVED_FROM_CURRENT_AND_VOLTAGE,baseline-noSEE-full-01,orin-nano-01,08493c04-ea69-45ca-948b-6993521ce06d
203,2026-08-01T17:28:20.183Z,1984,4968,9857,1946.4,10,/sys/bus/i2c/drivers/ina3221/1-0040/hwmon/hwmon1,POWER_DERIVED_FROM_CURRENT_AND_VOLTAGE,baseline-noSEE-full-01,orin-nano-01,08493c04-ea69-45ca-948b-6993521ce06d
204,2026-08-01T17:28:25.188Z,1904,4968,9459,1947.2,10,/sys/bus/i2c/drivers/ina3221/1-0040/hwmon/hwmon1,POWER_DERIVED_FROM_CURRENT_AND_VOLTAGE,baseline-noSEE-full-01,orin-nano-01,08493c04-ea69-45ca-948b-6993521ce06d
205,2026-08-01T17:28:30.191Z,1920,4968,9539,1948.0,10,/sys/bus/i2c/drivers/ina3221/1-0040/hwmon/hwmon1,POWER_DERIVED_FROM_CURRENT_AND_VOLTAGE,baseline-noSEE-full-01,orin-nano-01,08493c04-ea69-45ca-948b-6993521ce06d
206,2026-08-01T17:28:35.196Z,1896,4968,9419,1948.8,10,/sys/bus/i2c/drivers/ina3221/1-0040/hwmon/hwmon1,POWER_DERIVED_FROM_CURRENT_AND_VOLTAGE,baseline-noSEE-full-01,orin-nano-01,08493c04-ea69-45ca-948b-6993521ce06d
207,2026-08-01T17:28:40.199Z,1912,4968,9499,1944.0,10,/sys/bus/i2c/drivers/ina3221/1-0040/hwmon/hwmon1,POWER_DERIVED_FROM_CURRENT_AND_VOLTAGE,baseline-noSEE-full-01,orin-nano-01,08493c04-ea69-45ca-948b-6993521ce06d
208,2026-08-01T17:28:45.199Z,1880,4968,9340,1934.4,10,/sys/bus/i2c/drivers/ina3221/1-0040/hwmon/hwmon1,POWER_DERIVED_FROM_CURRENT_AND_VOLTAGE,baseline-noSEE-full-01,orin-nano-01,08493c04-ea69-45ca-948b-6993521ce06d
209,2026-08-01T17:28:50.203Z,1904,4968,9459,1924.0,10,/sys/bus/i2c/drivers/ina3221/1-0040/hwmon/hwmon1,POWER_DERIVED_FROM_CURRENT_AND_VOLTAGE,baseline-noSEE-full-01,orin-nano-01,08493c04-ea69-45ca-948b-6993521ce06d
210,2026-08-01T17:28:55.207Z,1880,4968,9340,1912.8,10,/sys/bus/i2c/drivers/ina3221/1-0040/hwmon/hwmon1,POWER_DERIVED_FROM_CURRENT_AND_VOLTAGE,baseline-noSEE-full-01,orin-nano-01,08493c04-ea69-45ca-948b-6993521ce06d
211,2026-08-01T17:29:00.211Z,1904,4968,9459,1908.8,10,/sys/bus/i2c/drivers/ina3221/1-0040/hwmon/hwmon1,POWER_DERIVED_FROM_CURRENT_AND_VOLTAGE,baseline-noSEE-full-01,orin-nano-01,08493c04-ea69-45ca-948b-6993521ce06d
212,2026-08-01T17:29:05.215Z,1896,4968,9419,1908.0,10,/sys/bus/i2c/drivers/ina3221/1-0040/hwmon/hwmon1,POWER_DERIVED_FROM_CURRENT_AND_VOLTAGE,baseline-noSEE-full-01,orin-nano-01,08493c04-ea69-45ca-948b-6993521ce06d
213,2026-08-01T17:29:10.219Z,1904,4968,9459,1900.0,10,/sys/bus/i2c/drivers/ina3221/1-0040/hwmon/hwmon1,POWER_DERIVED_FROM_CURRENT_AND_VOLTAGE,baseline-noSEE-full-01,orin-nano-01,08493c04-ea69-45ca-948b-6993521ce06d
214,2026-08-01T17:29:15.223Z,1888,4968,9380,1898.4,10,/sys/bus/i2c/drivers/ina3221/1-0040/hwmon/hwmon1,POWER_DERIVED_FROM_CURRENT_AND_VOLTAGE,baseline-noSEE-full-01,orin-nano-01,08493c04-ea69-45ca-948b-6993521ce06d
215,2026-08-01T17:29:20.227Z,1960,4968,9737,1902.4,10,/sys/bus/i2c/drivers/ina3221/1-0040/hwmon/hwmon1,POWER_DERIVED_FROM_CURRENT_AND_VOLTAGE,baseline-noSEE-full-01,orin-nano-01,08493c04-ea69-45ca-948b-6993521ce06d
216,2026-08-01T17:29:25.231Z,1976,4968,9817,1910.4,10,/sys/bus/i2c/drivers/ina3221/1-0040/hwmon/hwmon1,POWER_DERIVED_FROM_CURRENT_AND_VOLTAGE,baseline-noSEE-full-01,orin-nano-01,08493c04-ea69-45ca-948b-6993521ce06d
217,2026-08-01T17:29:30.235Z,1976,4968,9817,1916.8,10,/sys/bus/i2c/drivers/ina3221/1-0040/hwmon/hwmon1,POWER_DERIVED_FROM_CURRENT_AND_VOLTAGE,baseline-noSEE-full-01,orin-nano-01,08493c04-ea69-45ca-948b-6993521ce06d
218,2026-08-01T17:29:35.239Z,1944,4968,9658,1923.2,10,/sys/bus/i2c/drivers/ina3221/1-0040/hwmon/hwmon1,POWER_DERIVED_FROM_CURRENT_AND_VOLTAGE,baseline-noSEE-full-01,orin-nano-01,08493c04-ea69-45ca-948b-6993521ce06d
219,2026-08-01T17:29:40.243Z,1936,4968,9618,1926.4,10,/sys/bus/i2c/drivers/ina3221/1-0040/hwmon/hwmon1,POWER_DERIVED_FROM_CURRENT_AND_VOLTAGE,baseline-noSEE-full-01,orin-nano-01,08493c04-ea69-45ca-948b-6993521ce06d
220,2026-08-01T17:29:45.247Z,1904,4968,9459,1928.8,10,/sys/bus/i2c/drivers/ina3221/1-0040/hwmon/hwmon1,POWER_DERIVED_FROM_CURRENT_AND_VOLTAGE,baseline-noSEE-full-01,orin-nano-01,08493c04-ea69-45ca-948b-6993521ce06d
221,2026-08-01T17:29:50.252Z,1912,4968,9499,1929.6,10,/sys/bus/i2c/drivers/ina3221/1-0040/hwmon/hwmon1,POWER_DERIVED_FROM_CURRENT_AND_VOLTAGE,baseline-noSEE-full-01,orin-nano-01,08493c04-ea69-45ca-948b-6993521ce06d
222,2026-08-01T17:29:55.255Z,1912,4968,9499,1931.2,10,/sys/bus/i2c/drivers/ina3221/1-0040/hwmon/hwmon1,POWER_DERIVED_FROM_CURRENT_AND_VOLTAGE,baseline-noSEE-full-01,orin-nano-01,08493c04-ea69-45ca-948b-6993521ce06d
223,2026-08-01T17:30:00.260Z,1896,4968,9419,1930.4,10,/sys/bus/i2c/drivers/ina3221/1-0040/hwmon/hwmon1,POWER_DERIVED_FROM_CURRENT_AND_VOLTAGE,baseline-noSEE-full-01,orin-nano-01,08493c04-ea69-45ca-948b-6993521ce06d
224,2026-08-01T17:30:05.265Z,1920,4968,9539,1933.6,10,/sys/bus/i2c/drivers/ina3221/1-0040/hwmon/hwmon1,POWER_DERIVED_FROM_CURRENT_AND_VOLTAGE,baseline-noSEE-full-01,orin-nano-01,08493c04-ea69-45ca-948b-6993521ce06d
225,2026-08-01T17:30:10.267Z,1896,4968,9419,1927.2,10,/sys/bus/i2c/drivers/ina3221/1-0040/hwmon/hwmon1,POWER_DERIVED_FROM_CURRENT_AND_VOLTAGE,baseline-noSEE-full-01,orin-nano-01,08493c04-ea69-45ca-948b-6993521ce06d
226,2026-08-01T17:30:15.273Z,1904,4968,9459,1920.0,10,/sys/bus/i2c/drivers/ina3221/1-0040/hwmon/hwmon1,POWER_DERIVED_FROM_CURRENT_AND_VOLTAGE,baseline-noSEE-full-01,orin-nano-01,08493c04-ea69-45ca-948b-6993521ce06d
227,2026-08-01T17:30:20.277Z,1880,4968,9340,1910.4,10,/sys/bus/i2c/drivers/ina3221/1-0040/hwmon/hwmon1,POWER_DERIVED_FROM_CURRENT_AND_VOLTAGE,baseline-noSEE-full-01,orin-nano-01,08493c04-ea69-45ca-948b-6993521ce06d
228,2026-08-01T17:30:25.280Z,1912,4968,9499,1907.2,10,/sys/bus/i2c/drivers/ina3221/1-0040/hwmon/hwmon1,POWER_DERIVED_FROM_CURRENT_AND_VOLTAGE,baseline-noSEE-full-01,orin-nano-01,08493c04-ea69-45ca-948b-6993521ce06d
229,2026-08-01T17:30:30.285Z,1896,4968,9419,1903.2,10,/sys/bus/i2c/drivers/ina3221/1-0040/hwmon/hwmon1,POWER_DERIVED_FROM_CURRENT_AND_VOLTAGE,baseline-noSEE-full-01,orin-nano-01,08493c04-ea69-45ca-948b-6993521ce06d
230,2026-08-01T17:30:35.287Z,1920,4968,9539,1904.8,10,/sys/bus/i2c/drivers/ina3221/1-0040/hwmon/hwmon1,POWER_DERIVED_FROM_CURRENT_AND_VOLTAGE,baseline-noSEE-full-01,orin-nano-01,08493c04-ea69-45ca-948b-6993521ce06d
231,2026-08-01T17:30:40.292Z,1920,4968,9539,1905.6,10,/sys/bus/i2c/drivers/ina3221/1-0040/hwmon/hwmon1,POWER_DERIVED_FROM_CURRENT_AND_VOLTAGE,baseline-noSEE-full-01,orin-nano-01,08493c04-ea69-45ca-948b-6993521ce06d
232,2026-08-01T17:30:45.295Z,1888,4968,9380,1903.2,10,/sys/bus/i2c/drivers/ina3221/1-0040/hwmon/hwmon1,POWER_DERIVED_FROM_CURRENT_AND_VOLTAGE,baseline-noSEE-full-01,orin-nano-01,08493c04-ea69-45ca-948b-6993521ce06d
233,2026-08-01T17:30:50.299Z,1952,4968,9698,1908.8,10,/sys/bus/i2c/drivers/ina3221/1-0040/hwmon/hwmon1,POWER_DERIVED_FROM_CURRENT_AND_VOLTAGE,baseline-noSEE-full-01,orin-nano-01,08493c04-ea69-45ca-948b-6993521ce06d
234,2026-08-01T17:30:55.303Z,1992,4968,9896,1916.0,10,/sys/bus/i2c/drivers/ina3221/1-0040/hwmon/hwmon1,POWER_DERIVED_FROM_CURRENT_AND_VOLTAGE,baseline-noSEE-full-01,orin-nano-01,08493c04-ea69-45ca-948b-6993521ce06d
235,2026-08-01T17:31:00.307Z,1960,4968,9737,1922.4,10,/sys/bus/i2c/drivers/ina3221/1-0040/hwmon/hwmon1,POWER_DERIVED_FROM_CURRENT_AND_VOLTAGE,baseline-noSEE-full-01,orin-nano-01,08493c04-ea69-45ca-948b-6993521ce06d
236,2026-08-01T17:31:05.311Z,1944,4968,9658,1926.4,10,/sys/bus/i2c/drivers/ina3221/1-0040/hwmon/hwmon1,POWER_DERIVED_FROM_CURRENT_AND_VOLTAGE,baseline-noSEE-full-01,orin-nano-01,08493c04-ea69-45ca-948b-6993521ce06d
237,2026-08-01T17:31:10.316Z,1920,4968,9539,1930.4,10,/sys/bus/i2c/drivers/ina3221/1-0040/hwmon/hwmon1,POWER_DERIVED_FROM_CURRENT_AND_VOLTAGE,baseline-noSEE-full-01,orin-nano-01,08493c04-ea69-45ca-948b-6993521ce06d
238,2026-08-01T17:31:15.319Z,1928,4968,9578,1932.0,10,/sys/bus/i2c/drivers/ina3221/1-0040/hwmon/hwmon1,POWER_DERIVED_FROM_CURRENT_AND_VOLTAGE,baseline-noSEE-full-01,orin-nano-01,08493c04-ea69-45ca-948b-6993521ce06d
239,2026-08-01T17:31:20.324Z,1904,4968,9459,1932.8,10,/sys/bus/i2c/drivers/ina3221/1-0040/hwmon/hwmon1,POWER_DERIVED_FROM_CURRENT_AND_VOLTAGE,baseline-noSEE-full-01,orin-nano-01,08493c04-ea69-45ca-948b-6993521ce06d
240,2026-08-01T17:31:25.327Z,1912,4968,9499,1932.0,10,/sys/bus/i2c/drivers/ina3221/1-0040/hwmon/hwmon1,POWER_DERIVED_FROM_CURRENT_AND_VOLTAGE,baseline-noSEE-full-01,orin-nano-01,08493c04-ea69-45ca-948b-6993521ce06d
241,2026-08-01T17:31:30.331Z,1904,4968,9459,1930.4,10,/sys/bus/i2c/drivers/ina3221/1-0040/hwmon/hwmon1,POWER_DERIVED_FROM_CURRENT_AND_VOLTAGE,baseline-noSEE-full-01,orin-nano-01,08493c04-ea69-45ca-948b-6993521ce06d
242,2026-08-01T17:31:35.336Z,1904,4968,9459,1932.0,10,/sys/bus/i2c/drivers/ina3221/1-0040/hwmon/hwmon1,POWER_DERIVED_FROM_CURRENT_AND_VOLTAGE,baseline-noSEE-full-01,orin-nano-01,08493c04-ea69-45ca-948b-6993521ce06d
243,2026-08-01T17:31:40.341Z,1888,4968,9380,1925.6,10,/sys/bus/i2c/drivers/ina3221/1-0040/hwmon/hwmon1,POWER_DERIVED_FROM_CURRENT_AND_VOLTAGE,baseline-noSEE-full-01,orin-nano-01,08493c04-ea69-45ca-948b-6993521ce06d
244,2026-08-01T17:31:45.346Z,1904,4968,9459,1916.8,10,/sys/bus/i2c/drivers/ina3221/1-0040/hwmon/hwmon1,POWER_DERIVED_FROM_CURRENT_AND_VOLTAGE,baseline-noSEE-full-01,orin-nano-01,08493c04-ea69-45ca-948b-6993521ce06d
245,2026-08-01T17:31:50.351Z,1896,4968,9419,1910.4,10,/sys/bus/i2c/drivers/ina3221/1-0040/hwmon/hwmon1,POWER_DERIVED_FROM_CURRENT_AND_VOLTAGE,baseline-noSEE-full-01,orin-nano-01,08493c04-ea69-45ca-948b-6993521ce06d
246,2026-08-01T17:31:55.355Z,1928,4968,9578,1908.8,10,/sys/bus/i2c/drivers/ina3221/1-0040/hwmon/hwmon1,POWER_DERIVED_FROM_CURRENT_AND_VOLTAGE,baseline-noSEE-full-01,orin-nano-01,08493c04-ea69-45ca-948b-6993521ce06d
247,2026-08-01T17:32:00.360Z,1928,4968,9578,1909.6,10,/sys/bus/i2c/drivers/ina3221/1-0040/hwmon/hwmon1,POWER_DERIVED_FROM_CURRENT_AND_VOLTAGE,baseline-noSEE-full-01,orin-nano-01,08493c04-ea69-45ca-948b-6993521ce06d
248,2026-08-01T17:32:05.365Z,1904,4968,9459,1907.2,10,/sys/bus/i2c/drivers/ina3221/1-0040/hwmon/hwmon1,POWER_DERIVED_FROM_CURRENT_AND_VOLTAGE,baseline-noSEE-full-01,orin-nano-01,08493c04-ea69-45ca-948b-6993521ce06d
249,2026-08-01T17:32:10.367Z,1936,4968,9618,1910.4,10,/sys/bus/i2c/drivers/ina3221/1-0040/hwmon/hwmon1,POWER_DERIVED_FROM_CURRENT_AND_VOLTAGE,baseline-noSEE-full-01,orin-nano-01,08493c04-ea69-45ca-948b-6993521ce06d
250,2026-08-01T17:32:15.371Z,1976,4968,9817,1916.8,10,/sys/bus/i2c/drivers/ina3221/1-0040/hwmon/hwmon1,POWER_DERIVED_FROM_CURRENT_AND_VOLTAGE,baseline-noSEE-full-01,orin-nano-01,08493c04-ea69-45ca-948b-6993521ce06d
251,2026-08-01T17:32:20.375Z,1968,4968,9777,1923.2,10,/sys/bus/i2c/drivers/ina3221/1-0040/hwmon/hwmon1,POWER_DERIVED_FROM_CURRENT_AND_VOLTAGE,baseline-noSEE-full-01,orin-nano-01,08493c04-ea69-45ca-948b-6993521ce06d
252,2026-08-01T17:32:25.379Z,1968,4968,9777,1929.6,10,/sys/bus/i2c/drivers/ina3221/1-0040/hwmon/hwmon1,POWER_DERIVED_FROM_CURRENT_AND_VOLTAGE,baseline-noSEE-full-01,orin-nano-01,08493c04-ea69-45ca-948b-6993521ce06d
253,2026-08-01T17:32:30.384Z,1968,4968,9777,1937.6,10,/sys/bus/i2c/drivers/ina3221/1-0040/hwmon/hwmon1,POWER_DERIVED_FROM_CURRENT_AND_VOLTAGE,baseline-noSEE-full-01,orin-nano-01,08493c04-ea69-45ca-948b-6993521ce06d
254,2026-08-01T17:32:35.389Z,1976,4968,9817,1944.8,10,/sys/bus/i2c/drivers/ina3221/1-0040/hwmon/hwmon1,POWER_DERIVED_FROM_CURRENT_AND_VOLTAGE,baseline-noSEE-full-01,orin-nano-01,08493c04-ea69-45ca-948b-6993521ce06d
255,2026-08-01T17:32:40.395Z,1920,4968,9539,1947.2,10,/sys/bus/i2c/drivers/ina3221/1-0040/hwmon/hwmon1,POWER_DERIVED_FROM_CURRENT_AND_VOLTAGE,baseline-noSEE-full-01,orin-nano-01,08493c04-ea69-45ca-948b-6993521ce06d
256,2026-08-01T17:32:45.399Z,1928,4968,9578,1947.2,10,/sys/bus/i2c/drivers/ina3221/1-0040/hwmon/hwmon1,POWER_DERIVED_FROM_CURRENT_AND_VOLTAGE,baseline-noSEE-full-01,orin-nano-01,08493c04-ea69-45ca-948b-6993521ce06d
257,2026-08-01T17:32:50.404Z,1896,4968,9419,1944.0,10,/sys/bus/i2c/drivers/ina3221/1-0040/hwmon/hwmon1,POWER_DERIVED_FROM_CURRENT_AND_VOLTAGE,baseline-noSEE-full-01,orin-nano-01,08493c04-ea69-45ca-948b-6993521ce06d
258,2026-08-01T17:32:55.407Z,1912,4968,9499,1944.8,10,/sys/bus/i2c/drivers/ina3221/1-0040/hwmon/hwmon1,POWER_DERIVED_FROM_CURRENT_AND_VOLTAGE,baseline-noSEE-full-01,orin-nano-01,08493c04-ea69-45ca-948b-6993521ce06d
259,2026-08-01T17:33:00.411Z,1904,4968,9459,1941.6,10,/sys/bus/i2c/drivers/ina3221/1-0040/hwmon/hwmon1,POWER_DERIVED_FROM_CURRENT_AND_VOLTAGE,baseline-noSEE-full-01,orin-nano-01,08493c04-ea69-45ca-948b-6993521ce06d
260,2026-08-01T17:33:05.415Z,1920,4968,9539,1936.0,10,/sys/bus/i2c/drivers/ina3221/1-0040/hwmon/hwmon1,POWER_DERIVED_FROM_CURRENT_AND_VOLTAGE,baseline-noSEE-full-01,orin-nano-01,08493c04-ea69-45ca-948b-6993521ce06d
261,2026-08-01T17:33:10.419Z,1896,4968,9419,1928.8,10,/sys/bus/i2c/drivers/ina3221/1-0040/hwmon/hwmon1,POWER_DERIVED_FROM_CURRENT_AND_VOLTAGE,baseline-noSEE-full-01,orin-nano-01,08493c04-ea69-45ca-948b-6993521ce06d
262,2026-08-01T17:33:15.423Z,1936,4968,9618,1925.6,10,/sys/bus/i2c/drivers/ina3221/1-0040/hwmon/hwmon1,POWER_DERIVED_FROM_CURRENT_AND_VOLTAGE,baseline-noSEE-full-01,orin-nano-01,08493c04-ea69-45ca-948b-6993521ce06d
263,2026-08-01T17:33:20.427Z,1912,4968,9499,1920.0,10,/sys/bus/i2c/drivers/ina3221/1-0040/hwmon/hwmon1,POWER_DERIVED_FROM_CURRENT_AND_VOLTAGE,baseline-noSEE-full-01,orin-nano-01,08493c04-ea69-45ca-948b-6993521ce06d
264,2026-08-01T17:33:25.431Z,1896,4968,9419,1912.0,10,/sys/bus/i2c/drivers/ina3221/1-0040/hwmon/hwmon1,POWER_DERIVED_FROM_CURRENT_AND_VOLTAGE,baseline-noSEE-full-01,orin-nano-01,08493c04-ea69-45ca-948b-6993521ce06d
265,2026-08-01T17:33:30.436Z,1872,4968,9300,1907.2,10,/sys/bus/i2c/drivers/ina3221/1-0040/hwmon/hwmon1,POWER_DERIVED_FROM_CURRENT_AND_VOLTAGE,baseline-noSEE-full-01,orin-nano-01,08493c04-ea69-45ca-948b-6993521ce06d
266,2026-08-01T17:33:35.439Z,1896,4968,9419,1904.0,10,/sys/bus/i2c/drivers/ina3221/1-0040/hwmon/hwmon1,POWER_DERIVED_FROM_CURRENT_AND_VOLTAGE,baseline-noSEE-full-01,orin-nano-01,08493c04-ea69-45ca-948b-6993521ce06d
267,2026-08-01T17:33:40.444Z,1880,4968,9340,1902.4,10,/sys/bus/i2c/drivers/ina3221/1-0040/hwmon/hwmon1,POWER_DERIVED_FROM_CURRENT_AND_VOLTAGE,baseline-noSEE-full-01,orin-nano-01,08493c04-ea69-45ca-948b-6993521ce06d
268,2026-08-01T17:33:45.449Z,1896,4968,9419,1900.8,10,/sys/bus/i2c/drivers/ina3221/1-0040/hwmon/hwmon1,POWER_DERIVED_FROM_CURRENT_AND_VOLTAGE,baseline-noSEE-full-01,orin-nano-01,08493c04-ea69-45ca-948b-6993521ce06d
269,2026-08-01T17:33:50.451Z,1920,4968,9539,1902.4,10,/sys/bus/i2c/drivers/ina3221/1-0040/hwmon/hwmon1,POWER_DERIVED_FROM_CURRENT_AND_VOLTAGE,baseline-noSEE-full-01,orin-nano-01,08493c04-ea69-45ca-948b-6993521ce06d
270,2026-08-01T17:33:55.455Z,1904,4968,9459,1900.8,10,/sys/bus/i2c/drivers/ina3221/1-0040/hwmon/hwmon1,POWER_DERIVED_FROM_CURRENT_AND_VOLTAGE,baseline-noSEE-full-01,orin-nano-01,08493c04-ea69-45ca-948b-6993521ce06d
271,2026-08-01T17:34:00.459Z,1968,4968,9777,1908.0,10,/sys/bus/i2c/drivers/ina3221/1-0040/hwmon/hwmon1,POWER_DERIVED_FROM_CURRENT_AND_VOLTAGE,baseline-noSEE-full-01,orin-nano-01,08493c04-ea69-45ca-948b-6993521ce06d
272,2026-08-01T17:34:05.463Z,1976,4968,9817,1912.0,10,/sys/bus/i2c/drivers/ina3221/1-0040/hwmon/hwmon1,POWER_DERIVED_FROM_CURRENT_AND_VOLTAGE,baseline-noSEE-full-01,orin-nano-01,08493c04-ea69-45ca-948b-6993521ce06d
273,2026-08-01T17:34:10.467Z,1976,4968,9817,1918.4,10,/sys/bus/i2c/drivers/ina3221/1-0040/hwmon/hwmon1,POWER_DERIVED_FROM_CURRENT_AND_VOLTAGE,baseline-noSEE-full-01,orin-nano-01,08493c04-ea69-45ca-948b-6993521ce06d
274,2026-08-01T17:34:15.471Z,1960,4968,9737,1924.8,10,/sys/bus/i2c/drivers/ina3221/1-0040/hwmon/hwmon1,POWER_DERIVED_FROM_CURRENT_AND_VOLTAGE,baseline-noSEE-full-01,orin-nano-01,08493c04-ea69-45ca-948b-6993521ce06d
275,2026-08-01T17:34:20.475Z,1968,4968,9777,1934.4,10,/sys/bus/i2c/drivers/ina3221/1-0040/hwmon/hwmon1,POWER_DERIVED_FROM_CURRENT_AND_VOLTAGE,baseline-noSEE-full-01,orin-nano-01,08493c04-ea69-45ca-948b-6993521ce06d
276,2026-08-01T17:34:25.479Z,1992,4968,9896,1944.0,10,/sys/bus/i2c/drivers/ina3221/1-0040/hwmon/hwmon1,POWER_DERIVED_FROM_CURRENT_AND_VOLTAGE,baseline-noSEE-full-01,orin-nano-01,08493c04-ea69-45ca-948b-6993521ce06d
277,2026-08-01T17:34:30.483Z,1992,4968,9896,1955.2,10,/sys/bus/i2c/drivers/ina3221/1-0040/hwmon/hwmon1,POWER_DERIVED_FROM_CURRENT_AND_VOLTAGE,baseline-noSEE-full-01,orin-nano-01,08493c04-ea69-45ca-948b-6993521ce06d
278,2026-08-01T17:34:35.487Z,1960,4968,9737,1961.6,10,/sys/bus/i2c/drivers/ina3221/1-0040/hwmon/hwmon1,POWER_DERIVED_FROM_CURRENT_AND_VOLTAGE,baseline-noSEE-full-01,orin-nano-01,08493c04-ea69-45ca-948b-6993521ce06d
279,2026-08-01T17:34:40.492Z,1896,4968,9419,1959.2,10,/sys/bus/i2c/drivers/ina3221/1-0040/hwmon/hwmon1,POWER_DERIVED_FROM_CURRENT_AND_VOLTAGE,baseline-noSEE-full-01,orin-nano-01,08493c04-ea69-45ca-948b-6993521ce06d
280,2026-08-01T17:34:45.495Z,1912,4968,9499,1960.0,10,/sys/bus/i2c/drivers/ina3221/1-0040/hwmon/hwmon1,POWER_DERIVED_FROM_CURRENT_AND_VOLTAGE,baseline-noSEE-full-01,orin-nano-01,08493c04-ea69-45ca-948b-6993521ce06d
281,2026-08-01T17:34:50.500Z,1960,4968,9737,1959.2,10,/sys/bus/i2c/drivers/ina3221/1-0040/hwmon/hwmon1,POWER_DERIVED_FROM_CURRENT_AND_VOLTAGE,baseline-noSEE-full-01,orin-nano-01,08493c04-ea69-45ca-948b-6993521ce06d
282,2026-08-01T17:34:55.505Z,1896,4968,9419,1951.2,10,/sys/bus/i2c/drivers/ina3221/1-0040/hwmon/hwmon1,POWER_DERIVED_FROM_CURRENT_AND_VOLTAGE,baseline-noSEE-full-01,orin-nano-01,08493c04-ea69-45ca-948b-6993521ce06d
283,2026-08-01T17:35:00.510Z,1912,4968,9499,1944.8,10,/sys/bus/i2c/drivers/ina3221/1-0040/hwmon/hwmon1,POWER_DERIVED_FROM_CURRENT_AND_VOLTAGE,baseline-noSEE-full-01,orin-nano-01,08493c04-ea69-45ca-948b-6993521ce06d
284,2026-08-01T17:35:05.515Z,1896,4968,9419,1938.4,10,/sys/bus/i2c/drivers/ina3221/1-0040/hwmon/hwmon1,POWER_DERIVED_FROM_CURRENT_AND_VOLTAGE,baseline-noSEE-full-01,orin-nano-01,08493c04-ea69-45ca-948b-6993521ce06d
285,2026-08-01T17:35:10.520Z,1904,4968,9459,1932.0,10,/sys/bus/i2c/drivers/ina3221/1-0040/hwmon/hwmon1,POWER_DERIVED_FROM_CURRENT_AND_VOLTAGE,baseline-noSEE-full-01,orin-nano-01,08493c04-ea69-45ca-948b-6993521ce06d
286,2026-08-01T17:35:15.522Z,1888,4968,9380,1921.6,10,/sys/bus/i2c/drivers/ina3221/1-0040/hwmon/hwmon1,POWER_DERIVED_FROM_CURRENT_AND_VOLTAGE,baseline-noSEE-full-01,orin-nano-01,08493c04-ea69-45ca-948b-6993521ce06d
287,2026-08-01T17:35:20.527Z,1912,4968,9499,1913.6,10,/sys/bus/i2c/drivers/ina3221/1-0040/hwmon/hwmon1,POWER_DERIVED_FROM_CURRENT_AND_VOLTAGE,baseline-noSEE-full-01,orin-nano-01,08493c04-ea69-45ca-948b-6993521ce06d
288,2026-08-01T17:35:25.531Z,1936,4968,9618,1911.2,10,/sys/bus/i2c/drivers/ina3221/1-0040/hwmon/hwmon1,POWER_DERIVED_FROM_CURRENT_AND_VOLTAGE,baseline-noSEE-full-01,orin-nano-01,08493c04-ea69-45ca-948b-6993521ce06d
289,2026-08-01T17:35:30.535Z,1984,4968,9857,1920.0,10,/sys/bus/i2c/drivers/ina3221/1-0040/hwmon/hwmon1,POWER_DERIVED_FROM_CURRENT_AND_VOLTAGE,baseline-noSEE-full-01,orin-nano-01,08493c04-ea69-45ca-948b-6993521ce06d
290,2026-08-01T17:35:35.539Z,1968,4968,9777,1925.6,10,/sys/bus/i2c/drivers/ina3221/1-0040/hwmon/hwmon1,POWER_DERIVED_FROM_CURRENT_AND_VOLTAGE,baseline-noSEE-full-01,orin-nano-01,08493c04-ea69-45ca-948b-6993521ce06d
291,2026-08-01T17:35:40.544Z,1968,4968,9777,1926.4,10,/sys/bus/i2c/drivers/ina3221/1-0040/hwmon/hwmon1,POWER_DERIVED_FROM_CURRENT_AND_VOLTAGE,baseline-noSEE-full-01,orin-nano-01,08493c04-ea69-45ca-948b-6993521ce06d
292,2026-08-01T17:35:45.547Z,1944,4968,9658,1931.2,10,/sys/bus/i2c/drivers/ina3221/1-0040/hwmon/hwmon1,POWER_DERIVED_FROM_CURRENT_AND_VOLTAGE,baseline-noSEE-full-01,orin-nano-01,08493c04-ea69-45ca-948b-6993521ce06d
293,2026-08-01T17:35:50.551Z,1960,4968,9737,1936.0,10,/sys/bus/i2c/drivers/ina3221/1-0040/hwmon/hwmon1,POWER_DERIVED_FROM_CURRENT_AND_VOLTAGE,baseline-noSEE-full-01,orin-nano-01,08493c04-ea69-45ca-948b-6993521ce06d
294,2026-08-01T17:35:55.556Z,1960,4968,9737,1942.4,10,/sys/bus/i2c/drivers/ina3221/1-0040/hwmon/hwmon1,POWER_DERIVED_FROM_CURRENT_AND_VOLTAGE,baseline-noSEE-full-01,orin-nano-01,08493c04-ea69-45ca-948b-6993521ce06d
295,2026-08-01T17:36:00.561Z,1912,4968,9499,1943.2,10,/sys/bus/i2c/drivers/ina3221/1-0040/hwmon/hwmon1,POWER_DERIVED_FROM_CURRENT_AND_VOLTAGE,baseline-noSEE-full-01,orin-nano-01,08493c04-ea69-45ca-948b-6993521ce06d
296,2026-08-01T17:36:05.566Z,1896,4968,9419,1944.0,10,/sys/bus/i2c/drivers/ina3221/1-0040/hwmon/hwmon1,POWER_DERIVED_FROM_CURRENT_AND_VOLTAGE,baseline-noSEE-full-01,orin-nano-01,08493c04-ea69-45ca-948b-6993521ce06d
297,2026-08-01T17:36:10.571Z,1912,4968,9499,1944.0,10,/sys/bus/i2c/drivers/ina3221/1-0040/hwmon/hwmon1,POWER_DERIVED_FROM_CURRENT_AND_VOLTAGE,baseline-noSEE-full-01,orin-nano-01,08493c04-ea69-45ca-948b-6993521ce06d
298,2026-08-01T17:36:15.576Z,1896,4968,9419,1940.0,10,/sys/bus/i2c/drivers/ina3221/1-0040/hwmon/hwmon1,POWER_DERIVED_FROM_CURRENT_AND_VOLTAGE,baseline-noSEE-full-01,orin-nano-01,08493c04-ea69-45ca-948b-6993521ce06d
299,2026-08-01T17:36:20.579Z,1904,4968,9459,1932.0,10,/sys/bus/i2c/drivers/ina3221/1-0040/hwmon/hwmon1,POWER_DERIVED_FROM_CURRENT_AND_VOLTAGE,baseline-noSEE-full-01,orin-nano-01,08493c04-ea69-45ca-948b-6993521ce06d
300,2026-08-01T17:36:25.584Z,1880,4968,9340,1923.2,10,/sys/bus/i2c/drivers/ina3221/1-0040/hwmon/hwmon1,POWER_DERIVED_FROM_CURRENT_AND_VOLTAGE,baseline-noSEE-full-01,orin-nano-01,08493c04-ea69-45ca-948b-6993521ce06d
301,2026-08-01T17:36:30.589Z,1920,4968,9539,1918.4,10,/sys/bus/i2c/drivers/ina3221/1-0040/hwmon/hwmon1,POWER_DERIVED_FROM_CURRENT_AND_VOLTAGE,baseline-noSEE-full-01,orin-nano-01,08493c04-ea69-45ca-948b-6993521ce06d
302,2026-08-01T17:36:35.591Z,1880,4968,9340,1912.0,10,/sys/bus/i2c/drivers/ina3221/1-0040/hwmon/hwmon1,POWER_DERIVED_FROM_CURRENT_AND_VOLTAGE,baseline-noSEE-full-01,orin-nano-01,08493c04-ea69-45ca-948b-6993521ce06d
303,2026-08-01T17:36:40.596Z,1904,4968,9459,1906.4,10,/sys/bus/i2c/drivers/ina3221/1-0040/hwmon/hwmon1,POWER_DERIVED_FROM_CURRENT_AND_VOLTAGE,baseline-noSEE-full-01,orin-nano-01,08493c04-ea69-45ca-948b-6993521ce06d
304,2026-08-01T17:36:45.601Z,1880,4968,9340,1898.4,10,/sys/bus/i2c/drivers/ina3221/1-0040/hwmon/hwmon1,POWER_DERIVED_FROM_CURRENT_AND_VOLTAGE,baseline-noSEE-full-01,orin-nano-01,08493c04-ea69-45ca-948b-6993521ce06d
305,2026-08-01T17:36:50.603Z,1904,4968,9459,1897.6,10,/sys/bus/i2c/drivers/ina3221/1-0040/hwmon/hwmon1,POWER_DERIVED_FROM_CURRENT_AND_VOLTAGE,baseline-noSEE-full-01,orin-nano-01,08493c04-ea69-45ca-948b-6993521ce06d
306,2026-08-01T17:36:55.607Z,1888,4968,9380,1896.8,10,/sys/bus/i2c/drivers/ina3221/1-0040/hwmon/hwmon1,POWER_DERIVED_FROM_CURRENT_AND_VOLTAGE,baseline-noSEE-full-01,orin-nano-01,08493c04-ea69-45ca-948b-6993521ce06d
307,2026-08-01T17:37:00.611Z,1968,4968,9777,1902.4,10,/sys/bus/i2c/drivers/ina3221/1-0040/hwmon/hwmon1,POWER_DERIVED_FROM_CURRENT_AND_VOLTAGE,baseline-noSEE-full-01,orin-nano-01,08493c04-ea69-45ca-948b-6993521ce06d
308,2026-08-01T17:37:05.615Z,1968,4968,9777,1909.6,10,/sys/bus/i2c/drivers/ina3221/1-0040/hwmon/hwmon1,POWER_DERIVED_FROM_CURRENT_AND_VOLTAGE,baseline-noSEE-full-01,orin-nano-01,08493c04-ea69-45ca-948b-6993521ce06d
309,2026-08-01T17:37:10.620Z,2000,4968,9936,1919.2,10,/sys/bus/i2c/drivers/ina3221/1-0040/hwmon/hwmon1,POWER_DERIVED_FROM_CURRENT_AND_VOLTAGE,baseline-noSEE-full-01,orin-nano-01,08493c04-ea69-45ca-948b-6993521ce06d
310,2026-08-01T17:37:15.625Z,1968,4968,9777,1928.0,10,/sys/bus/i2c/drivers/ina3221/1-0040/hwmon/hwmon1,POWER_DERIVED_FROM_CURRENT_AND_VOLTAGE,baseline-noSEE-full-01,orin-nano-01,08493c04-ea69-45ca-948b-6993521ce06d
311,2026-08-01T17:37:20.630Z,1904,4968,9459,1926.4,10,/sys/bus/i2c/drivers/ina3221/1-0040/hwmon/hwmon1,POWER_DERIVED_FROM_CURRENT_AND_VOLTAGE,baseline-noSEE-full-01,orin-nano-01,08493c04-ea69-45ca-948b-6993521ce06d
312,2026-08-01T17:37:25.631Z,1888,4968,9380,1927.2,10,/sys/bus/i2c/drivers/ina3221/1-0040/hwmon/hwmon1,POWER_DERIVED_FROM_CURRENT_AND_VOLTAGE,baseline-noSEE-full-01,orin-nano-01,08493c04-ea69-45ca-948b-6993521ce06d
313,2026-08-01T17:37:30.635Z,1960,4968,9737,1932.8,10,/sys/bus/i2c/drivers/ina3221/1-0040/hwmon/hwmon1,POWER_DERIVED_FROM_CURRENT_AND_VOLTAGE,baseline-noSEE-full-01,orin-nano-01,08493c04-ea69-45ca-948b-6993521ce06d
314,2026-08-01T17:37:35.639Z,1968,4968,9777,1941.6,10,/sys/bus/i2c/drivers/ina3221/1-0040/hwmon/hwmon1,POWER_DERIVED_FROM_CURRENT_AND_VOLTAGE,baseline-noSEE-full-01,orin-nano-01,08493c04-ea69-45ca-948b-6993521ce06d
315,2026-08-01T17:37:40.643Z,1968,4968,9777,1948.0,10,/sys/bus/i2c/drivers/ina3221/1-0040/hwmon/hwmon1,POWER_DERIVED_FROM_CURRENT_AND_VOLTAGE,baseline-noSEE-full-01,orin-nano-01,08493c04-ea69-45ca-948b-6993521ce06d
316,2026-08-01T17:37:45.647Z,1936,4968,9618,1952.8,10,/sys/bus/i2c/drivers/ina3221/1-0040/hwmon/hwmon1,POWER_DERIVED_FROM_CURRENT_AND_VOLTAGE,baseline-noSEE-full-01,orin-nano-01,08493c04-ea69-45ca-948b-6993521ce06d
317,2026-08-01T17:37:50.651Z,1928,4968,9578,1948.8,10,/sys/bus/i2c/drivers/ina3221/1-0040/hwmon/hwmon1,POWER_DERIVED_FROM_CURRENT_AND_VOLTAGE,baseline-noSEE-full-01,orin-nano-01,08493c04-ea69-45ca-948b-6993521ce06d
318,2026-08-01T17:37:55.655Z,1904,4968,9459,1942.4,10,/sys/bus/i2c/drivers/ina3221/1-0040/hwmon/hwmon1,POWER_DERIVED_FROM_CURRENT_AND_VOLTAGE,baseline-noSEE-full-01,orin-nano-01,08493c04-ea69-45ca-948b-6993521ce06d
319,2026-08-01T17:38:00.659Z,1912,4968,9499,1933.6,10,/sys/bus/i2c/drivers/ina3221/1-0040/hwmon/hwmon1,POWER_DERIVED_FROM_CURRENT_AND_VOLTAGE,baseline-noSEE-full-01,orin-nano-01,08493c04-ea69-45ca-948b-6993521ce06d
320,2026-08-01T17:38:05.663Z,1920,4968,9539,1928.8,10,/sys/bus/i2c/drivers/ina3221/1-0040/hwmon/hwmon1,POWER_DERIVED_FROM_CURRENT_AND_VOLTAGE,baseline-noSEE-full-01,orin-nano-01,08493c04-ea69-45ca-948b-6993521ce06d
321,2026-08-01T17:38:10.667Z,1920,4968,9539,1930.4,10,/sys/bus/i2c/drivers/ina3221/1-0040/hwmon/hwmon1,POWER_DERIVED_FROM_CURRENT_AND_VOLTAGE,baseline-noSEE-full-01,orin-nano-01,08493c04-ea69-45ca-948b-6993521ce06d
322,2026-08-01T17:38:15.671Z,1920,4968,9539,1933.6,10,/sys/bus/i2c/drivers/ina3221/1-0040/hwmon/hwmon1,POWER_DERIVED_FROM_CURRENT_AND_VOLTAGE,baseline-noSEE-full-01,orin-nano-01,08493c04-ea69-45ca-948b-6993521ce06d
323,2026-08-01T17:38:20.675Z,1904,4968,9459,1928.0,10,/sys/bus/i2c/drivers/ina3221/1-0040/hwmon/hwmon1,POWER_DERIVED_FROM_CURRENT_AND_VOLTAGE,baseline-noSEE-full-01,orin-nano-01,08493c04-ea69-45ca-948b-6993521ce06d
324,2026-08-01T17:38:25.679Z,1920,4968,9539,1923.2,10,/sys/bus/i2c/drivers/ina3221/1-0040/hwmon/hwmon1,POWER_DERIVED_FROM_CURRENT_AND_VOLTAGE,baseline-noSEE-full-01,orin-nano-01,08493c04-ea69-45ca-948b-6993521ce06d
325,2026-08-01T17:38:30.683Z,1912,4968,9499,1917.6,10,/sys/bus/i2c/drivers/ina3221/1-0040/hwmon/hwmon1,POWER_DERIVED_FROM_CURRENT_AND_VOLTAGE,baseline-noSEE-full-01,orin-nano-01,08493c04-ea69-45ca-948b-6993521ce06d
326,2026-08-01T17:38:35.687Z,1888,4968,9380,1912.8,10,/sys/bus/i2c/drivers/ina3221/1-0040/hwmon/hwmon1,POWER_DERIVED_FROM_CURRENT_AND_VOLTAGE,baseline-noSEE-full-01,orin-nano-01,08493c04-ea69-45ca-948b-6993521ce06d
327,2026-08-01T17:38:40.691Z,1904,4968,9459,1910.4,10,/sys/bus/i2c/drivers/ina3221/1-0040/hwmon/hwmon1,POWER_DERIVED_FROM_CURRENT_AND_VOLTAGE,baseline-noSEE-full-01,orin-nano-01,08493c04-ea69-45ca-948b-6993521ce06d
328,2026-08-01T17:38:45.695Z,1968,4968,9777,1916.8,10,/sys/bus/i2c/drivers/ina3221/1-0040/hwmon/hwmon1,POWER_DERIVED_FROM_CURRENT_AND_VOLTAGE,baseline-noSEE-full-01,orin-nano-01,08493c04-ea69-45ca-948b-6993521ce06d
329,2026-08-01T17:38:50.699Z,1976,4968,9817,1923.2,10,/sys/bus/i2c/drivers/ina3221/1-0040/hwmon/hwmon1,POWER_DERIVED_FROM_CURRENT_AND_VOLTAGE,baseline-noSEE-full-01,orin-nano-01,08493c04-ea69-45ca-948b-6993521ce06d
330,2026-08-01T17:38:55.704Z,1944,4968,9658,1925.6,10,/sys/bus/i2c/drivers/ina3221/1-0040/hwmon/hwmon1,POWER_DERIVED_FROM_CURRENT_AND_VOLTAGE,baseline-noSEE-full-01,orin-nano-01,08493c04-ea69-45ca-948b-6993521ce06d
331,2026-08-01T17:39:00.707Z,1968,4968,9777,1930.4,10,/sys/bus/i2c/drivers/ina3221/1-0040/hwmon/hwmon1,POWER_DERIVED_FROM_CURRENT_AND_VOLTAGE,baseline-noSEE-full-01,orin-nano-01,08493c04-ea69-45ca-948b-6993521ce06d
332,2026-08-01T17:39:05.711Z,1992,4968,9896,1937.6,10,/sys/bus/i2c/drivers/ina3221/1-0040/hwmon/hwmon1,POWER_DERIVED_FROM_CURRENT_AND_VOLTAGE,baseline-noSEE-full-01,orin-nano-01,08493c04-ea69-45ca-948b-6993521ce06d
333,2026-08-01T17:39:10.715Z,1888,4968,9380,1936.0,10,/sys/bus/i2c/drivers/ina3221/1-0040/hwmon/hwmon1,POWER_DERIVED_FROM_CURRENT_AND_VOLTAGE,baseline-noSEE-full-01,orin-nano-01,08493c04-ea69-45ca-948b-6993521ce06d
334,2026-08-01T17:39:15.721Z,1896,4968,9419,1933.6,10,/sys/bus/i2c/drivers/ina3221/1-0040/hwmon/hwmon1,POWER_DERIVED_FROM_CURRENT_AND_VOLTAGE,baseline-noSEE-full-01,orin-nano-01,08493c04-ea69-45ca-948b-6993521ce06d
335,2026-08-01T17:39:20.723Z,1896,4968,9419,1932.0,10,/sys/bus/i2c/drivers/ina3221/1-0040/hwmon/hwmon1,POWER_DERIVED_FROM_CURRENT_AND_VOLTAGE,baseline-noSEE-full-01,orin-nano-01,08493c04-ea69-45ca-948b-6993521ce06d
336,2026-08-01T17:39:25.728Z,1912,4968,9499,1934.4,10,/sys/bus/i2c/drivers/ina3221/1-0040/hwmon/hwmon1,POWER_DERIVED_FROM_CURRENT_AND_VOLTAGE,baseline-noSEE-full-01,orin-nano-01,08493c04-ea69-45ca-948b-6993521ce06d
337,2026-08-01T17:39:30.731Z,1944,4968,9658,1938.4,10,/sys/bus/i2c/drivers/ina3221/1-0040/hwmon/hwmon1,POWER_DERIVED_FROM_CURRENT_AND_VOLTAGE,baseline-noSEE-full-01,orin-nano-01,08493c04-ea69-45ca-948b-6993521ce06d
338,2026-08-01T17:39:35.735Z,1992,4968,9896,1940.8,10,/sys/bus/i2c/drivers/ina3221/1-0040/hwmon/hwmon1,POWER_DERIVED_FROM_CURRENT_AND_VOLTAGE,baseline-noSEE-full-01,orin-nano-01,08493c04-ea69-45ca-948b-6993521ce06d
339,2026-08-01T17:39:40.739Z,1968,4968,9777,1940.0,10,/sys/bus/i2c/drivers/ina3221/1-0040/hwmon/hwmon1,POWER_DERIVED_FROM_CURRENT_AND_VOLTAGE,baseline-noSEE-full-01,orin-nano-01,08493c04-ea69-45ca-948b-6993521ce06d
340,2026-08-01T17:39:45.744Z,1968,4968,9777,1942.4,10,/sys/bus/i2c/drivers/ina3221/1-0040/hwmon/hwmon1,POWER_DERIVED_FROM_CURRENT_AND_VOLTAGE,baseline-noSEE-full-01,orin-nano-01,08493c04-ea69-45ca-948b-6993521ce06d
341,2026-08-01T17:39:50.749Z,1968,4968,9777,1942.4,10,/sys/bus/i2c/drivers/ina3221/1-0040/hwmon/hwmon1,POWER_DERIVED_FROM_CURRENT_AND_VOLTAGE,baseline-noSEE-full-01,orin-nano-01,08493c04-ea69-45ca-948b-6993521ce06d
342,2026-08-01T17:39:55.751Z,1928,4968,9578,1936.0,10,/sys/bus/i2c/drivers/ina3221/1-0040/hwmon/hwmon1,POWER_DERIVED_FROM_CURRENT_AND_VOLTAGE,baseline-noSEE-full-01,orin-nano-01,08493c04-ea69-45ca-948b-6993521ce06d
343,2026-08-01T17:40:00.756Z,1904,4968,9459,1937.6,10,/sys/bus/i2c/drivers/ina3221/1-0040/hwmon/hwmon1,POWER_DERIVED_FROM_CURRENT_AND_VOLTAGE,baseline-noSEE-full-01,orin-nano-01,08493c04-ea69-45ca-948b-6993521ce06d
344,2026-08-01T17:40:05.761Z,1920,4968,9539,1940.0,10,/sys/bus/i2c/drivers/ina3221/1-0040/hwmon/hwmon1,POWER_DERIVED_FROM_CURRENT_AND_VOLTAGE,baseline-noSEE-full-01,orin-nano-01,08493c04-ea69-45ca-948b-6993521ce06d
345,2026-08-01T17:40:10.763Z,1896,4968,9419,1940.0,10,/sys/bus/i2c/drivers/ina3221/1-0040/hwmon/hwmon1,POWER_DERIVED_FROM_CURRENT_AND_VOLTAGE,baseline-noSEE-full-01,orin-nano-01,08493c04-ea69-45ca-948b-6993521ce06d
346,2026-08-01T17:40:15.767Z,1912,4968,9499,1940.0,10,/sys/bus/i2c/drivers/ina3221/1-0040/hwmon/hwmon1,POWER_DERIVED_FROM_CURRENT_AND_VOLTAGE,baseline-noSEE-full-01,orin-nano-01,08493c04-ea69-45ca-948b-6993521ce06d
347,2026-08-01T17:40:20.771Z,1888,4968,9380,1934.4,10,/sys/bus/i2c/drivers/ina3221/1-0040/hwmon/hwmon1,POWER_DERIVED_FROM_CURRENT_AND_VOLTAGE,baseline-noSEE-full-01,orin-nano-01,08493c04-ea69-45ca-948b-6993521ce06d
348,2026-08-01T17:40:25.776Z,1912,4968,9499,1926.4,10,/sys/bus/i2c/drivers/ina3221/1-0040/hwmon/hwmon1,POWER_DERIVED_FROM_CURRENT_AND_VOLTAGE,baseline-noSEE-full-01,orin-nano-01,08493c04-ea69-45ca-948b-6993521ce06d
349,2026-08-01T17:40:30.779Z,1888,4968,9380,1918.4,10,/sys/bus/i2c/drivers/ina3221/1-0040/hwmon/hwmon1,POWER_DERIVED_FROM_CURRENT_AND_VOLTAGE,baseline-noSEE-full-01,orin-nano-01,08493c04-ea69-45ca-948b-6993521ce06d
350,2026-08-01T17:40:35.784Z,1904,4968,9459,1912.0,10,/sys/bus/i2c/drivers/ina3221/1-0040/hwmon/hwmon1,POWER_DERIVED_FROM_CURRENT_AND_VOLTAGE,baseline-noSEE-full-01,orin-nano-01,08493c04-ea69-45ca-948b-6993521ce06d
351,2026-08-01T17:40:40.789Z,1920,4968,9539,1907.2,10,/sys/bus/i2c/drivers/ina3221/1-0040/hwmon/hwmon1,POWER_DERIVED_FROM_CURRENT_AND_VOLTAGE,baseline-noSEE-full-01,orin-nano-01,08493c04-ea69-45ca-948b-6993521ce06d
352,2026-08-01T17:40:45.791Z,1904,4968,9459,1904.8,10,/sys/bus/i2c/drivers/ina3221/1-0040/hwmon/hwmon1,POWER_DERIVED_FROM_CURRENT_AND_VOLTAGE,baseline-noSEE-full-01,orin-nano-01,08493c04-ea69-45ca-948b-6993521ce06d
353,2026-08-01T17:40:50.797Z,1880,4968,9340,1902.4,10,/sys/bus/i2c/drivers/ina3221/1-0040/hwmon/hwmon1,POWER_DERIVED_FROM_CURRENT_AND_VOLTAGE,baseline-noSEE-full-01,orin-nano-01,08493c04-ea69-45ca-948b-6993521ce06d
354,2026-08-01T17:40:55.801Z,1904,4968,9459,1900.8,10,/sys/bus/i2c/drivers/ina3221/1-0040/hwmon/hwmon1,POWER_DERIVED_FROM_CURRENT_AND_VOLTAGE,baseline-noSEE-full-01,orin-nano-01,08493c04-ea69-45ca-948b-6993521ce06d
355,2026-08-01T17:41:00.803Z,1888,4968,9380,1900.0,10,/sys/bus/i2c/drivers/ina3221/1-0040/hwmon/hwmon1,POWER_DERIVED_FROM_CURRENT_AND_VOLTAGE,baseline-noSEE-full-01,orin-nano-01,08493c04-ea69-45ca-948b-6993521ce06d
356,2026-08-01T17:41:05.808Z,1936,4968,9618,1902.4,10,/sys/bus/i2c/drivers/ina3221/1-0040/hwmon/hwmon1,POWER_DERIVED_FROM_CURRENT_AND_VOLTAGE,baseline-noSEE-full-01,orin-nano-01,08493c04-ea69-45ca-948b-6993521ce06d
357,2026-08-01T17:41:10.811Z,1944,4968,9658,1908.0,10,/sys/bus/i2c/drivers/ina3221/1-0040/hwmon/hwmon1,POWER_DERIVED_FROM_CURRENT_AND_VOLTAGE,baseline-noSEE-full-01,orin-nano-01,08493c04-ea69-45ca-948b-6993521ce06d
358,2026-08-01T17:41:15.815Z,1968,4968,9777,1913.6,10,/sys/bus/i2c/drivers/ina3221/1-0040/hwmon/hwmon1,POWER_DERIVED_FROM_CURRENT_AND_VOLTAGE,baseline-noSEE-full-01,orin-nano-01,08493c04-ea69-45ca-948b-6993521ce06d
359,2026-08-01T17:41:20.819Z,1968,4968,9777,1921.6,10,/sys/bus/i2c/drivers/ina3221/1-0040/hwmon/hwmon1,POWER_DERIVED_FROM_CURRENT_AND_VOLTAGE,baseline-noSEE-full-01,orin-nano-01,08493c04-ea69-45ca-948b-6993521ce06d
360,2026-08-01T17:41:25.823Z,1952,4968,9698,1926.4,10,/sys/bus/i2c/drivers/ina3221/1-0040/hwmon/hwmon1,POWER_DERIVED_FROM_CURRENT_AND_VOLTAGE,baseline-noSEE-full-01,orin-nano-01,08493c04-ea69-45ca-948b-6993521ce06d
361,2026-08-01T17:41:30.828Z,1912,4968,9499,1925.6,10,/sys/bus/i2c/drivers/ina3221/1-0040/hwmon/hwmon1,POWER_DERIVED_FROM_CURRENT_AND_VOLTAGE,baseline-noSEE-full-01,orin-nano-01,08493c04-ea69-45ca-948b-6993521ce06d
362,2026-08-01T17:41:35.833Z,1920,4968,9539,1927.2,10,/sys/bus/i2c/drivers/ina3221/1-0040/hwmon/hwmon1,POWER_DERIVED_FROM_CURRENT_AND_VOLTAGE,baseline-noSEE-full-01,orin-nano-01,08493c04-ea69-45ca-948b-6993521ce06d
363,2026-08-01T17:41:40.835Z,1888,4968,9380,1928.0,10,/sys/bus/i2c/drivers/ina3221/1-0040/hwmon/hwmon1,POWER_DERIVED_FROM_CURRENT_AND_VOLTAGE,baseline-noSEE-full-01,orin-nano-01,08493c04-ea69-45ca-948b-6993521ce06d
364,2026-08-01T17:41:45.839Z,1904,4968,9459,1928.0,10,/sys/bus/i2c/drivers/ina3221/1-0040/hwmon/hwmon1,POWER_DERIVED_FROM_CURRENT_AND_VOLTAGE,baseline-noSEE-full-01,orin-nano-01,08493c04-ea69-45ca-948b-6993521ce06d
365,2026-08-01T17:41:50.843Z,1888,4968,9380,1928.0,10,/sys/bus/i2c/drivers/ina3221/1-0040/hwmon/hwmon1,POWER_DERIVED_FROM_CURRENT_AND_VOLTAGE,baseline-noSEE-full-01,orin-nano-01,08493c04-ea69-45ca-948b-6993521ce06d
366,2026-08-01T17:41:55.848Z,1904,4968,9459,1924.8,10,/sys/bus/i2c/drivers/ina3221/1-0040/hwmon/hwmon1,POWER_DERIVED_FROM_CURRENT_AND_VOLTAGE,baseline-noSEE-full-01,orin-nano-01,08493c04-ea69-45ca-948b-6993521ce06d
367,2026-08-01T17:42:00.854Z,1912,4968,9499,1921.6,10,/sys/bus/i2c/drivers/ina3221/1-0040/hwmon/hwmon1,POWER_DERIVED_FROM_CURRENT_AND_VOLTAGE,baseline-noSEE-full-01,orin-nano-01,08493c04-ea69-45ca-948b-6993521ce06d
368,2026-08-01T17:42:05.855Z,1888,4968,9380,1913.6,10,/sys/bus/i2c/drivers/ina3221/1-0040/hwmon/hwmon1,POWER_DERIVED_FROM_CURRENT_AND_VOLTAGE,baseline-noSEE-full-01,orin-nano-01,08493c04-ea69-45ca-948b-6993521ce06d
369,2026-08-01T17:42:10.861Z,1896,4968,9419,1906.4,10,/sys/bus/i2c/drivers/ina3221/1-0040/hwmon/hwmon1,POWER_DERIVED_FROM_CURRENT_AND_VOLTAGE,baseline-noSEE-full-01,orin-nano-01,08493c04-ea69-45ca-948b-6993521ce06d
370,2026-08-01T17:42:15.866Z,1904,4968,9459,1901.6,10,/sys/bus/i2c/drivers/ina3221/1-0040/hwmon/hwmon1,POWER_DERIVED_FROM_CURRENT_AND_VOLTAGE,baseline-noSEE-full-01,orin-nano-01,08493c04-ea69-45ca-948b-6993521ce06d
371,2026-08-01T17:42:20.868Z,1928,4968,9578,1903.2,10,/sys/bus/i2c/drivers/ina3221/1-0040/hwmon/hwmon1,POWER_DERIVED_FROM_CURRENT_AND_VOLTAGE,baseline-noSEE-full-01,orin-nano-01,08493c04-ea69-45ca-948b-6993521ce06d
372,2026-08-01T17:42:25.871Z,1944,4968,9658,1905.6,10,/sys/bus/i2c/drivers/ina3221/1-0040/hwmon/hwmon1,POWER_DERIVED_FROM_CURRENT_AND_VOLTAGE,baseline-noSEE-full-01,orin-nano-01,08493c04-ea69-45ca-948b-6993521ce06d
373,2026-08-01T17:42:30.875Z,1968,4968,9777,1913.6,10,/sys/bus/i2c/drivers/ina3221/1-0040/hwmon/hwmon1,POWER_DERIVED_FROM_CURRENT_AND_VOLTAGE,baseline-noSEE-full-01,orin-nano-01,08493c04-ea69-45ca-948b-6993521ce06d
374,2026-08-01T17:42:35.880Z,1952,4968,9698,1918.4,10,/sys/bus/i2c/drivers/ina3221/1-0040/hwmon/hwmon1,POWER_DERIVED_FROM_CURRENT_AND_VOLTAGE,baseline-noSEE-full-01,orin-nano-01,08493c04-ea69-45ca-948b-6993521ce06d
375,2026-08-01T17:42:40.883Z,1952,4968,9698,1924.8,10,/sys/bus/i2c/drivers/ina3221/1-0040/hwmon/hwmon1,POWER_DERIVED_FROM_CURRENT_AND_VOLTAGE,baseline-noSEE-full-01,orin-nano-01,08493c04-ea69-45ca-948b-6993521ce06d
376,2026-08-01T17:42:45.888Z,1960,4968,9737,1930.4,10,/sys/bus/i2c/drivers/ina3221/1-0040/hwmon/hwmon1,POWER_DERIVED_FROM_CURRENT_AND_VOLTAGE,baseline-noSEE-full-01,orin-nano-01,08493c04-ea69-45ca-948b-6993521ce06d
377,2026-08-01T17:42:50.891Z,1912,4968,9499,1930.4,10,/sys/bus/i2c/drivers/ina3221/1-0040/hwmon/hwmon1,POWER_DERIVED_FROM_CURRENT_AND_VOLTAGE,baseline-noSEE-full-01,orin-nano-01,08493c04-ea69-45ca-948b-6993521ce06d
378,2026-08-01T17:42:55.896Z,1920,4968,9539,1933.6,10,/sys/bus/i2c/drivers/ina3221/1-0040/hwmon/hwmon1,POWER_DERIVED_FROM_CURRENT_AND_VOLTAGE,baseline-noSEE-full-01,orin-nano-01,08493c04-ea69-45ca-948b-6993521ce06d
379,2026-08-01T17:43:00.899Z,1920,4968,9539,1936.0,10,/sys/bus/i2c/drivers/ina3221/1-0040/hwmon/hwmon1,POWER_DERIVED_FROM_CURRENT_AND_VOLTAGE,baseline-noSEE-full-01,orin-nano-01,08493c04-ea69-45ca-948b-6993521ce06d
380,2026-08-01T17:43:05.904Z,1904,4968,9459,1936.0,10,/sys/bus/i2c/drivers/ina3221/1-0040/hwmon/hwmon1,POWER_DERIVED_FROM_CURRENT_AND_VOLTAGE,baseline-noSEE-full-01,orin-nano-01,08493c04-ea69-45ca-948b-6993521ce06d
381,2026-08-01T17:43:10.907Z,1976,4968,9817,1940.8,10,/sys/bus/i2c/drivers/ina3221/1-0040/hwmon/hwmon1,POWER_DERIVED_FROM_CURRENT_AND_VOLTAGE,baseline-noSEE-full-01,orin-nano-01,08493c04-ea69-45ca-948b-6993521ce06d
382,2026-08-01T17:43:15.912Z,1904,4968,9459,1936.8,10,/sys/bus/i2c/drivers/ina3221/1-0040/hwmon/hwmon1,POWER_DERIVED_FROM_CURRENT_AND_VOLTAGE,baseline-noSEE-full-01,orin-nano-01,08493c04-ea69-45ca-948b-6993521ce06d
383,2026-08-01T17:43:20.915Z,1912,4968,9499,1931.2,10,/sys/bus/i2c/drivers/ina3221/1-0040/hwmon/hwmon1,POWER_DERIVED_FROM_CURRENT_AND_VOLTAGE,baseline-noSEE-full-01,orin-nano-01,08493c04-ea69-45ca-948b-6993521ce06d
384,2026-08-01T17:43:25.919Z,1888,4968,9380,1924.8,10,/sys/bus/i2c/drivers/ina3221/1-0040/hwmon/hwmon1,POWER_DERIVED_FROM_CURRENT_AND_VOLTAGE,baseline-noSEE-full-01,orin-nano-01,08493c04-ea69-45ca-948b-6993521ce06d
385,2026-08-01T17:43:30.924Z,1904,4968,9459,1920.0,10,/sys/bus/i2c/drivers/ina3221/1-0040/hwmon/hwmon1,POWER_DERIVED_FROM_CURRENT_AND_VOLTAGE,baseline-noSEE-full-01,orin-nano-01,08493c04-ea69-45ca-948b-6993521ce06d
386,2026-08-01T17:43:35.927Z,1928,4968,9578,1916.8,10,/sys/bus/i2c/drivers/ina3221/1-0040/hwmon/hwmon1,POWER_DERIVED_FROM_CURRENT_AND_VOLTAGE,baseline-noSEE-full-01,orin-nano-01,08493c04-ea69-45ca-948b-6993521ce06d
387,2026-08-01T17:43:40.931Z,1984,4968,9857,1924.0,10,/sys/bus/i2c/drivers/ina3221/1-0040/hwmon/hwmon1,POWER_DERIVED_FROM_CURRENT_AND_VOLTAGE,baseline-noSEE-full-01,orin-nano-01,08493c04-ea69-45ca-948b-6993521ce06d
388,2026-08-01T17:43:45.935Z,2008,4968,9976,1932.8,10,/sys/bus/i2c/drivers/ina3221/1-0040/hwmon/hwmon1,POWER_DERIVED_FROM_CURRENT_AND_VOLTAGE,baseline-noSEE-full-01,orin-nano-01,08493c04-ea69-45ca-948b-6993521ce06d
389,2026-08-01T17:43:50.939Z,2016,4968,10015,1942.4,10,/sys/bus/i2c/drivers/ina3221/1-0040/hwmon/hwmon1,POWER_DERIVED_FROM_CURRENT_AND_VOLTAGE,baseline-noSEE-full-01,orin-nano-01,08493c04-ea69-45ca-948b-6993521ce06d
390,2026-08-01T17:43:55.943Z,1952,4968,9698,1947.2,10,/sys/bus/i2c/drivers/ina3221/1-0040/hwmon/hwmon1,POWER_DERIVED_FROM_CURRENT_AND_VOLTAGE,baseline-noSEE-full-01,orin-nano-01,08493c04-ea69-45ca-948b-6993521ce06d
391,2026-08-01T17:44:00.948Z,1968,4968,9777,1946.4,10,/sys/bus/i2c/drivers/ina3221/1-0040/hwmon/hwmon1,POWER_DERIVED_FROM_CURRENT_AND_VOLTAGE,baseline-noSEE-full-01,orin-nano-01,08493c04-ea69-45ca-948b-6993521ce06d
392,2026-08-01T17:44:05.951Z,1984,4968,9857,1954.4,10,/sys/bus/i2c/drivers/ina3221/1-0040/hwmon/hwmon1,POWER_DERIVED_FROM_CURRENT_AND_VOLTAGE,baseline-noSEE-full-01,orin-nano-01,08493c04-ea69-45ca-948b-6993521ce06d
393,2026-08-01T17:44:10.956Z,1936,4968,9618,1956.8,10,/sys/bus/i2c/drivers/ina3221/1-0040/hwmon/hwmon1,POWER_DERIVED_FROM_CURRENT_AND_VOLTAGE,baseline-noSEE-full-01,orin-nano-01,08493c04-ea69-45ca-948b-6993521ce06d
394,2026-08-01T17:44:15.962Z,1928,4968,9578,1960.8,10,/sys/bus/i2c/drivers/ina3221/1-0040/hwmon/hwmon1,POWER_DERIVED_FROM_CURRENT_AND_VOLTAGE,baseline-noSEE-full-01,orin-nano-01,08493c04-ea69-45ca-948b-6993521ce06d
395,2026-08-01T17:44:20.966Z,1968,4968,9777,1967.2,10,/sys/bus/i2c/drivers/ina3221/1-0040/hwmon/hwmon1,POWER_DERIVED_FROM_CURRENT_AND_VOLTAGE,baseline-noSEE-full-01,orin-nano-01,08493c04-ea69-45ca-948b-6993521ce06d
396,2026-08-01T17:44:25.971Z,1936,4968,9618,1968.0,10,/sys/bus/i2c/drivers/ina3221/1-0040/hwmon/hwmon1,POWER_DERIVED_FROM_CURRENT_AND_VOLTAGE,baseline-noSEE-full-01,orin-nano-01,08493c04-ea69-45ca-948b-6993521ce06d
397,2026-08-01T17:44:30.976Z,1904,4968,9459,1960.0,10,/sys/bus/i2c/drivers/ina3221/1-0040/hwmon/hwmon1,POWER_DERIVED_FROM_CURRENT_AND_VOLTAGE,baseline-noSEE-full-01,orin-nano-01,08493c04-ea69-45ca-948b-6993521ce06d
398,2026-08-01T17:44:35.979Z,1928,4968,9578,1952.0,10,/sys/bus/i2c/drivers/ina3221/1-0040/hwmon/hwmon1,POWER_DERIVED_FROM_CURRENT_AND_VOLTAGE,baseline-noSEE-full-01,orin-nano-01,08493c04-ea69-45ca-948b-6993521ce06d
399,2026-08-01T17:44:40.983Z,1976,4968,9817,1948.0,10,/sys/bus/i2c/drivers/ina3221/1-0040/hwmon/hwmon1,POWER_DERIVED_FROM_CURRENT_AND_VOLTAGE,baseline-noSEE-full-01,orin-nano-01,08493c04-ea69-45ca-948b-6993521ce06d
400,2026-08-01T17:44:45.988Z,1968,4968,9777,1949.6,10,/sys/bus/i2c/drivers/ina3221/1-0040/hwmon/hwmon1,POWER_DERIVED_FROM_CURRENT_AND_VOLTAGE,baseline-noSEE-full-01,orin-nano-01,08493c04-ea69-45ca-948b-6993521ce06d
401,2026-08-01T17:44:50.993Z,1952,4968,9698,1948.0,10,/sys/bus/i2c/drivers/ina3221/1-0040/hwmon/hwmon1,POWER_DERIVED_FROM_CURRENT_AND_VOLTAGE,baseline-noSEE-full-01,orin-nano-01,08493c04-ea69-45ca-948b-6993521ce06d
402,2026-08-01T17:44:55.998Z,1912,4968,9499,1940.8,10,/sys/bus/i2c/drivers/ina3221/1-0040/hwmon/hwmon1,POWER_DERIVED_FROM_CURRENT_AND_VOLTAGE,baseline-noSEE-full-01,orin-nano-01,08493c04-ea69-45ca-948b-6993521ce06d
403,2026-08-01T17:45:01.003Z,1944,4968,9658,1941.6,10,/sys/bus/i2c/drivers/ina3221/1-0040/hwmon/hwmon1,POWER_DERIVED_FROM_CURRENT_AND_VOLTAGE,baseline-noSEE-full-01,orin-nano-01,08493c04-ea69-45ca-948b-6993521ce06d
404,2026-08-01T17:45:06.007Z,1952,4968,9698,1944.0,10,/sys/bus/i2c/drivers/ina3221/1-0040/hwmon/hwmon1,POWER_DERIVED_FROM_CURRENT_AND_VOLTAGE,baseline-noSEE-full-01,orin-nano-01,08493c04-ea69-45ca-948b-6993521ce06d
405,2026-08-01T17:45:11.011Z,1912,4968,9499,1938.4,10,/sys/bus/i2c/drivers/ina3221/1-0040/hwmon/hwmon1,POWER_DERIVED_FROM_CURRENT_AND_VOLTAGE,baseline-noSEE-full-01,orin-nano-01,08493c04-ea69-45ca-948b-6993521ce06d
406,2026-08-01T17:45:16.016Z,1888,4968,9380,1933.6,10,/sys/bus/i2c/drivers/ina3221/1-0040/hwmon/hwmon1,POWER_DERIVED_FROM_CURRENT_AND_VOLTAGE,baseline-noSEE-full-01,orin-nano-01,08493c04-ea69-45ca-948b-6993521ce06d
407,2026-08-01T17:45:21.018Z,1904,4968,9459,1933.6,10,/sys/bus/i2c/drivers/ina3221/1-0040/hwmon/hwmon1,POWER_DERIVED_FROM_CURRENT_AND_VOLTAGE,baseline-noSEE-full-01,orin-nano-01,08493c04-ea69-45ca-948b-6993521ce06d
408,2026-08-01T17:45:26.023Z,1888,4968,9380,1929.6,10,/sys/bus/i2c/drivers/ina3221/1-0040/hwmon/hwmon1,POWER_DERIVED_FROM_CURRENT_AND_VOLTAGE,baseline-noSEE-full-01,orin-nano-01,08493c04-ea69-45ca-948b-6993521ce06d
409,2026-08-01T17:45:31.027Z,1896,4968,9419,1921.6,10,/sys/bus/i2c/drivers/ina3221/1-0040/hwmon/hwmon1,POWER_DERIVED_FROM_CURRENT_AND_VOLTAGE,baseline-noSEE-full-01,orin-nano-01,08493c04-ea69-45ca-948b-6993521ce06d
410,2026-08-01T17:45:36.032Z,1872,4968,9300,1912.0,10,/sys/bus/i2c/drivers/ina3221/1-0040/hwmon/hwmon1,POWER_DERIVED_FROM_CURRENT_AND_VOLTAGE,baseline-noSEE-full-01,orin-nano-01,08493c04-ea69-45ca-948b-6993521ce06d
411,2026-08-01T17:45:41.035Z,1968,4968,9777,1913.6,10,/sys/bus/i2c/drivers/ina3221/1-0040/hwmon/hwmon1,POWER_DERIVED_FROM_CURRENT_AND_VOLTAGE,baseline-noSEE-full-01,orin-nano-01,08493c04-ea69-45ca-948b-6993521ce06d
412,2026-08-01T17:45:46.039Z,1920,4968,9539,1914.4,10,/sys/bus/i2c/drivers/ina3221/1-0040/hwmon/hwmon1,POWER_DERIVED_FROM_CURRENT_AND_VOLTAGE,baseline-noSEE-full-01,orin-nano-01,08493c04-ea69-45ca-948b-6993521ce06d
413,2026-08-01T17:45:51.043Z,1984,4968,9857,1918.4,10,/sys/bus/i2c/drivers/ina3221/1-0040/hwmon/hwmon1,POWER_DERIVED_FROM_CURRENT_AND_VOLTAGE,baseline-noSEE-full-01,orin-nano-01,08493c04-ea69-45ca-948b-6993521ce06d
414,2026-08-01T17:45:56.048Z,1984,4968,9857,1921.6,10,/sys/bus/i2c/drivers/ina3221/1-0040/hwmon/hwmon1,POWER_DERIVED_FROM_CURRENT_AND_VOLTAGE,baseline-noSEE-full-01,orin-nano-01,08493c04-ea69-45ca-948b-6993521ce06d
415,2026-08-01T17:46:01.051Z,1944,4968,9658,1924.8,10,/sys/bus/i2c/drivers/ina3221/1-0040/hwmon/hwmon1,POWER_DERIVED_FROM_CURRENT_AND_VOLTAGE,baseline-noSEE-full-01,orin-nano-01,08493c04-ea69-45ca-948b-6993521ce06d
416,2026-08-01T17:46:06.055Z,1952,4968,9698,1931.2,10,/sys/bus/i2c/drivers/ina3221/1-0040/hwmon/hwmon1,POWER_DERIVED_FROM_CURRENT_AND_VOLTAGE,baseline-noSEE-full-01,orin-nano-01,08493c04-ea69-45ca-948b-6993521ce06d
417,2026-08-01T17:46:11.059Z,1976,4968,9817,1938.4,10,/sys/bus/i2c/drivers/ina3221/1-0040/hwmon/hwmon1,POWER_DERIVED_FROM_CURRENT_AND_VOLTAGE,baseline-noSEE-full-01,orin-nano-01,08493c04-ea69-45ca-948b-6993521ce06d
418,2026-08-01T17:46:16.063Z,2008,4968,9976,1950.4,10,/sys/bus/i2c/drivers/ina3221/1-0040/hwmon/hwmon1,POWER_DERIVED_FROM_CURRENT_AND_VOLTAGE,baseline-noSEE-full-01,orin-nano-01,08493c04-ea69-45ca-948b-6993521ce06d
419,2026-08-01T17:46:21.067Z,1968,4968,9777,1957.6,10,/sys/bus/i2c/drivers/ina3221/1-0040/hwmon/hwmon1,POWER_DERIVED_FROM_CURRENT_AND_VOLTAGE,baseline-noSEE-full-01,orin-nano-01,08493c04-ea69-45ca-948b-6993521ce06d
420,2026-08-01T17:46:26.071Z,1952,4968,9698,1965.6,10,/sys/bus/i2c/drivers/ina3221/1-0040/hwmon/hwmon1,POWER_DERIVED_FROM_CURRENT_AND_VOLTAGE,baseline-noSEE-full-01,orin-nano-01,08493c04-ea69-45ca-948b-6993521ce06d
421,2026-08-01T17:46:31.075Z,1936,4968,9618,1962.4,10,/sys/bus/i2c/drivers/ina3221/1-0040/hwmon/hwmon1,POWER_DERIVED_FROM_CURRENT_AND_VOLTAGE,baseline-noSEE-full-01,orin-nano-01,08493c04-ea69-45ca-948b-6993521ce06d
422,2026-08-01T17:46:36.079Z,1920,4968,9539,1962.4,10,/sys/bus/i2c/drivers/ina3221/1-0040/hwmon/hwmon1,POWER_DERIVED_FROM_CURRENT_AND_VOLTAGE,baseline-noSEE-full-01,orin-nano-01,08493c04-ea69-45ca-948b-6993521ce06d
423,2026-08-01T17:46:41.084Z,1912,4968,9499,1955.2,10,/sys/bus/i2c/drivers/ina3221/1-0040/hwmon/hwmon1,POWER_DERIVED_FROM_CURRENT_AND_VOLTAGE,baseline-noSEE-full-01,orin-nano-01,08493c04-ea69-45ca-948b-6993521ce06d
424,2026-08-01T17:46:46.089Z,1872,4968,9300,1944.0,10,/sys/bus/i2c/drivers/ina3221/1-0040/hwmon/hwmon1,POWER_DERIVED_FROM_CURRENT_AND_VOLTAGE,baseline-noSEE-full-01,orin-nano-01,08493c04-ea69-45ca-948b-6993521ce06d
425,2026-08-01T17:46:51.091Z,1912,4968,9499,1940.8,10,/sys/bus/i2c/drivers/ina3221/1-0040/hwmon/hwmon1,POWER_DERIVED_FROM_CURRENT_AND_VOLTAGE,baseline-noSEE-full-01,orin-nano-01,08493c04-ea69-45ca-948b-6993521ce06d
426,2026-08-01T17:46:56.095Z,1912,4968,9499,1936.8,10,/sys/bus/i2c/drivers/ina3221/1-0040/hwmon/hwmon1,POWER_DERIVED_FROM_CURRENT_AND_VOLTAGE,baseline-noSEE-full-01,orin-nano-01,08493c04-ea69-45ca-948b-6993521ce06d
427,2026-08-01T17:47:01.100Z,1896,4968,9419,1928.8,10,/sys/bus/i2c/drivers/ina3221/1-0040/hwmon/hwmon1,POWER_DERIVED_FROM_CURRENT_AND_VOLTAGE,baseline-noSEE-full-01,orin-nano-01,08493c04-ea69-45ca-948b-6993521ce06d
428,2026-08-01T17:47:06.103Z,1904,4968,9459,1918.4,10,/sys/bus/i2c/drivers/ina3221/1-0040/hwmon/hwmon1,POWER_DERIVED_FROM_CURRENT_AND_VOLTAGE,baseline-noSEE-full-01,orin-nano-01,08493c04-ea69-45ca-948b-6993521ce06d
429,2026-08-01T17:47:11.107Z,1896,4968,9419,1911.2,10,/sys/bus/i2c/drivers/ina3221/1-0040/hwmon/hwmon1,POWER_DERIVED_FROM_CURRENT_AND_VOLTAGE,baseline-noSEE-full-01,orin-nano-01,08493c04-ea69-45ca-948b-6993521ce06d
430,2026-08-01T17:47:16.111Z,1904,4968,9459,1906.4,10,/sys/bus/i2c/drivers/ina3221/1-0040/hwmon/hwmon1,POWER_DERIVED_FROM_CURRENT_AND_VOLTAGE,baseline-noSEE-full-01,orin-nano-01,08493c04-ea69-45ca-948b-6993521ce06d
431,2026-08-01T17:47:21.115Z,1880,4968,9340,1900.8,10,/sys/bus/i2c/drivers/ina3221/1-0040/hwmon/hwmon1,POWER_DERIVED_FROM_CURRENT_AND_VOLTAGE,baseline-noSEE-full-01,orin-nano-01,08493c04-ea69-45ca-948b-6993521ce06d
432,2026-08-01T17:47:26.119Z,1896,4968,9419,1898.4,10,/sys/bus/i2c/drivers/ina3221/1-0040/hwmon/hwmon1,POWER_DERIVED_FROM_CURRENT_AND_VOLTAGE,baseline-noSEE-full-01,orin-nano-01,08493c04-ea69-45ca-948b-6993521ce06d
433,2026-08-01T17:47:31.124Z,1904,4968,9459,1897.6,10,/sys/bus/i2c/drivers/ina3221/1-0040/hwmon/hwmon1,POWER_DERIVED_FROM_CURRENT_AND_VOLTAGE,baseline-noSEE-full-01,orin-nano-01,08493c04-ea69-45ca-948b-6993521ce06d
434,2026-08-01T17:47:36.127Z,1968,4968,9777,1907.2,10,/sys/bus/i2c/drivers/ina3221/1-0040/hwmon/hwmon1,POWER_DERIVED_FROM_CURRENT_AND_VOLTAGE,baseline-noSEE-full-01,orin-nano-01,08493c04-ea69-45ca-948b-6993521ce06d
435,2026-08-01T17:47:41.131Z,1992,4968,9896,1915.2,10,/sys/bus/i2c/drivers/ina3221/1-0040/hwmon/hwmon1,POWER_DERIVED_FROM_CURRENT_AND_VOLTAGE,baseline-noSEE-full-01,orin-nano-01,08493c04-ea69-45ca-948b-6993521ce06d
436,2026-08-01T17:47:46.135Z,2000,4968,9936,1924.0,10,/sys/bus/i2c/drivers/ina3221/1-0040/hwmon/hwmon1,POWER_DERIVED_FROM_CURRENT_AND_VOLTAGE,baseline-noSEE-full-01,orin-nano-01,08493c04-ea69-45ca-948b-6993521ce06d
437,2026-08-01T17:47:51.139Z,1952,4968,9698,1929.6,10,/sys/bus/i2c/drivers/ina3221/1-0040/hwmon/hwmon1,POWER_DERIVED_FROM_CURRENT_AND_VOLTAGE,baseline-noSEE-full-01,orin-nano-01,08493c04-ea69-45ca-948b-6993521ce06d
438,2026-08-01T17:47:56.143Z,1952,4968,9698,1934.4,10,/sys/bus/i2c/drivers/ina3221/1-0040/hwmon/hwmon1,POWER_DERIVED_FROM_CURRENT_AND_VOLTAGE,baseline-noSEE-full-01,orin-nano-01,08493c04-ea69-45ca-948b-6993521ce06d
439,2026-08-01T17:48:01.148Z,1920,4968,9539,1936.8,10,/sys/bus/i2c/drivers/ina3221/1-0040/hwmon/hwmon1,POWER_DERIVED_FROM_CURRENT_AND_VOLTAGE,baseline-noSEE-full-01,orin-nano-01,08493c04-ea69-45ca-948b-6993521ce06d
440,2026-08-01T17:48:06.148Z,1920,4968,9539,1938.4,10,/sys/bus/i2c/drivers/ina3221/1-0040/hwmon/hwmon1,POWER_DERIVED_FROM_CURRENT_AND_VOLTAGE,baseline-noSEE-full-01,orin-nano-01,08493c04-ea69-45ca-948b-6993521ce06d
441,2026-08-01T17:48:11.153Z,1904,4968,9459,1940.8,10,/sys/bus/i2c/drivers/ina3221/1-0040/hwmon/hwmon1,POWER_DERIVED_FROM_CURRENT_AND_VOLTAGE,baseline-noSEE-full-01,orin-nano-01,08493c04-ea69-45ca-948b-6993521ce06d
442,2026-08-01T17:48:16.158Z,1920,4968,9539,1943.2,10,/sys/bus/i2c/drivers/ina3221/1-0040/hwmon/hwmon1,POWER_DERIVED_FROM_CURRENT_AND_VOLTAGE,baseline-noSEE-full-01,orin-nano-01,08493c04-ea69-45ca-948b-6993521ce06d
443,2026-08-01T17:48:21.159Z,1880,4968,9340,1940.8,10,/sys/bus/i2c/drivers/ina3221/1-0040/hwmon/hwmon1,POWER_DERIVED_FROM_CURRENT_AND_VOLTAGE,baseline-noSEE-full-01,orin-nano-01,08493c04-ea69-45ca-948b-6993521ce06d
444,2026-08-01T17:48:26.164Z,1920,4968,9539,1936.0,10,/sys/bus/i2c/drivers/ina3221/1-0040/hwmon/hwmon1,POWER_DERIVED_FROM_CURRENT_AND_VOLTAGE,baseline-noSEE-full-01,orin-nano-01,08493c04-ea69-45ca-948b-6993521ce06d
445,2026-08-01T17:48:31.167Z,1888,4968,9380,1925.6,10,/sys/bus/i2c/drivers/ina3221/1-0040/hwmon/hwmon1,POWER_DERIVED_FROM_CURRENT_AND_VOLTAGE,baseline-noSEE-full-01,orin-nano-01,08493c04-ea69-45ca-948b-6993521ce06d
446,2026-08-01T17:48:36.171Z,1920,4968,9539,1917.6,10,/sys/bus/i2c/drivers/ina3221/1-0040/hwmon/hwmon1,POWER_DERIVED_FROM_CURRENT_AND_VOLTAGE,baseline-noSEE-full-01,orin-nano-01,08493c04-ea69-45ca-948b-6993521ce06d
447,2026-08-01T17:48:41.175Z,1888,4968,9380,1911.2,10,/sys/bus/i2c/drivers/ina3221/1-0040/hwmon/hwmon1,POWER_DERIVED_FROM_CURRENT_AND_VOLTAGE,baseline-noSEE-full-01,orin-nano-01,08493c04-ea69-45ca-948b-6993521ce06d
448,2026-08-01T17:48:46.179Z,1920,4968,9539,1908.0,10,/sys/bus/i2c/drivers/ina3221/1-0040/hwmon/hwmon1,POWER_DERIVED_FROM_CURRENT_AND_VOLTAGE,baseline-noSEE-full-01,orin-nano-01,08493c04-ea69-45ca-948b-6993521ce06d
449,2026-08-01T17:48:51.184Z,1896,4968,9419,1905.6,10,/sys/bus/i2c/drivers/ina3221/1-0040/hwmon/hwmon1,POWER_DERIVED_FROM_CURRENT_AND_VOLTAGE,baseline-noSEE-full-01,orin-nano-01,08493c04-ea69-45ca-948b-6993521ce06d
450,2026-08-01T17:48:56.187Z,1936,4968,9618,1907.2,10,/sys/bus/i2c/drivers/ina3221/1-0040/hwmon/hwmon1,POWER_DERIVED_FROM_CURRENT_AND_VOLTAGE,baseline-noSEE-full-01,orin-nano-01,08493c04-ea69-45ca-948b-6993521ce06d
451,2026-08-01T17:49:01.191Z,1936,4968,9618,1910.4,10,/sys/bus/i2c/drivers/ina3221/1-0040/hwmon/hwmon1,POWER_DERIVED_FROM_CURRENT_AND_VOLTAGE,baseline-noSEE-full-01,orin-nano-01,08493c04-ea69-45ca-948b-6993521ce06d
452,2026-08-01T17:49:06.195Z,1904,4968,9459,1908.8,10,/sys/bus/i2c/drivers/ina3221/1-0040/hwmon/hwmon1,POWER_DERIVED_FROM_CURRENT_AND_VOLTAGE,baseline-noSEE-full-01,orin-nano-01,08493c04-ea69-45ca-948b-6993521ce06d
453,2026-08-01T17:49:11.199Z,1880,4968,9340,1908.8,10,/sys/bus/i2c/drivers/ina3221/1-0040/hwmon/hwmon1,POWER_DERIVED_FROM_CURRENT_AND_VOLTAGE,baseline-noSEE-full-01,orin-nano-01,08493c04-ea69-45ca-948b-6993521ce06d
454,2026-08-01T17:49:16.204Z,1896,4968,9419,1906.4,10,/sys/bus/i2c/drivers/ina3221/1-0040/hwmon/hwmon1,POWER_DERIVED_FROM_CURRENT_AND_VOLTAGE,baseline-noSEE-full-01,orin-nano-01,08493c04-ea69-45ca-948b-6993521ce06d
455,2026-08-01T17:49:21.209Z,1880,4968,9340,1905.6,10,/sys/bus/i2c/drivers/ina3221/1-0040/hwmon/hwmon1,POWER_DERIVED_FROM_CURRENT_AND_VOLTAGE,baseline-noSEE-full-01,orin-nano-01,08493c04-ea69-45ca-948b-6993521ce06d
456,2026-08-01T17:49:26.211Z,1896,4968,9419,1903.2,10,/sys/bus/i2c/drivers/ina3221/1-0040/hwmon/hwmon1,POWER_DERIVED_FROM_CURRENT_AND_VOLTAGE,baseline-noSEE-full-01,orin-nano-01,08493c04-ea69-45ca-948b-6993521ce06d
457,2026-08-01T17:49:31.215Z,1880,4968,9340,1902.4,10,/sys/bus/i2c/drivers/ina3221/1-0040/hwmon/hwmon1,POWER_DERIVED_FROM_CURRENT_AND_VOLTAGE,baseline-noSEE-full-01,orin-nano-01,08493c04-ea69-45ca-948b-6993521ce06d
458,2026-08-01T17:49:36.219Z,1952,4968,9698,1905.6,10,/sys/bus/i2c/drivers/ina3221/1-0040/hwmon/hwmon1,POWER_DERIVED_FROM_CURRENT_AND_VOLTAGE,baseline-noSEE-full-01,orin-nano-01,08493c04-ea69-45ca-948b-6993521ce06d
459,2026-08-01T17:49:41.221Z,1968,4968,9777,1912.8,10,/sys/bus/i2c/drivers/ina3221/1-0040/hwmon/hwmon1,POWER_DERIVED_FROM_CURRENT_AND_VOLTAGE,baseline-noSEE-full-01,orin-nano-01,08493c04-ea69-45ca-948b-6993521ce06d
460,2026-08-01T17:49:46.226Z,1976,4968,9817,1916.8,10,/sys/bus/i2c/drivers/ina3221/1-0040/hwmon/hwmon1,POWER_DERIVED_FROM_CURRENT_AND_VOLTAGE,baseline-noSEE-full-01,orin-nano-01,08493c04-ea69-45ca-948b-6993521ce06d
461,2026-08-01T17:49:51.227Z,1968,4968,9777,1920.0,10,/sys/bus/i2c/drivers/ina3221/1-0040/hwmon/hwmon1,POWER_DERIVED_FROM_CURRENT_AND_VOLTAGE,baseline-noSEE-full-01,orin-nano-01,08493c04-ea69-45ca-948b-6993521ce06d
462,2026-08-01T17:49:56.231Z,1944,4968,9658,1924.0,10,/sys/bus/i2c/drivers/ina3221/1-0040/hwmon/hwmon1,POWER_DERIVED_FROM_CURRENT_AND_VOLTAGE,baseline-noSEE-full-01,orin-nano-01,08493c04-ea69-45ca-948b-6993521ce06d
463,2026-08-01T17:50:01.235Z,1936,4968,9618,1929.6,10,/sys/bus/i2c/drivers/ina3221/1-0040/hwmon/hwmon1,POWER_DERIVED_FROM_CURRENT_AND_VOLTAGE,baseline-noSEE-full-01,orin-nano-01,08493c04-ea69-45ca-948b-6993521ce06d
464,2026-08-01T17:50:06.240Z,1920,4968,9539,1932.0,10,/sys/bus/i2c/drivers/ina3221/1-0040/hwmon/hwmon1,POWER_DERIVED_FROM_CURRENT_AND_VOLTAGE,baseline-noSEE-full-01,orin-nano-01,08493c04-ea69-45ca-948b-6993521ce06d
465,2026-08-01T17:50:11.245Z,1936,4968,9618,1937.6,10,/sys/bus/i2c/drivers/ina3221/1-0040/hwmon/hwmon1,POWER_DERIVED_FROM_CURRENT_AND_VOLTAGE,baseline-noSEE-full-01,orin-nano-01,08493c04-ea69-45ca-948b-6993521ce06d
466,2026-08-01T17:50:16.250Z,1944,4968,9658,1942.4,10,/sys/bus/i2c/drivers/ina3221/1-0040/hwmon/hwmon1,POWER_DERIVED_FROM_CURRENT_AND_VOLTAGE,baseline-noSEE-full-01,orin-nano-01,08493c04-ea69-45ca-948b-6993521ce06d
467,2026-08-01T17:50:21.255Z,1920,4968,9539,1946.4,10,/sys/bus/i2c/drivers/ina3221/1-0040/hwmon/hwmon1,POWER_DERIVED_FROM_CURRENT_AND_VOLTAGE,baseline-noSEE-full-01,orin-nano-01,08493c04-ea69-45ca-948b-6993521ce06d
468,2026-08-01T17:50:26.260Z,1912,4968,9499,1942.4,10,/sys/bus/i2c/drivers/ina3221/1-0040/hwmon/hwmon1,POWER_DERIVED_FROM_CURRENT_AND_VOLTAGE,baseline-noSEE-full-01,orin-nano-01,08493c04-ea69-45ca-948b-6993521ce06d
469,2026-08-01T17:50:31.265Z,1904,4968,9459,1936.0,10,/sys/bus/i2c/drivers/ina3221/1-0040/hwmon/hwmon1,POWER_DERIVED_FROM_CURRENT_AND_VOLTAGE,baseline-noSEE-full-01,orin-nano-01,08493c04-ea69-45ca-948b-6993521ce06d
470,2026-08-01T17:50:36.267Z,1896,4968,9419,1928.0,10,/sys/bus/i2c/drivers/ina3221/1-0040/hwmon/hwmon1,POWER_DERIVED_FROM_CURRENT_AND_VOLTAGE,baseline-noSEE-full-01,orin-nano-01,08493c04-ea69-45ca-948b-6993521ce06d
471,2026-08-01T17:50:41.271Z,1872,4968,9300,1918.4,10,/sys/bus/i2c/drivers/ina3221/1-0040/hwmon/hwmon1,POWER_DERIVED_FROM_CURRENT_AND_VOLTAGE,baseline-noSEE-full-01,orin-nano-01,08493c04-ea69-45ca-948b-6993521ce06d
472,2026-08-01T17:50:46.275Z,1896,4968,9419,1913.6,10,/sys/bus/i2c/drivers/ina3221/1-0040/hwmon/hwmon1,POWER_DERIVED_FROM_CURRENT_AND_VOLTAGE,baseline-noSEE-full-01,orin-nano-01,08493c04-ea69-45ca-948b-6993521ce06d
473,2026-08-01T17:50:51.279Z,1904,4968,9459,1910.4,10,/sys/bus/i2c/drivers/ina3221/1-0040/hwmon/hwmon1,POWER_DERIVED_FROM_CURRENT_AND_VOLTAGE,baseline-noSEE-full-01,orin-nano-01,08493c04-ea69-45ca-948b-6993521ce06d
474,2026-08-01T17:50:56.283Z,1888,4968,9380,1907.2,10,/sys/bus/i2c/drivers/ina3221/1-0040/hwmon/hwmon1,POWER_DERIVED_FROM_CURRENT_AND_VOLTAGE,baseline-noSEE-full-01,orin-nano-01,08493c04-ea69-45ca-948b-6993521ce06d
475,2026-08-01T17:51:01.287Z,1896,4968,9419,1903.2,10,/sys/bus/i2c/drivers/ina3221/1-0040/hwmon/hwmon1,POWER_DERIVED_FROM_CURRENT_AND_VOLTAGE,baseline-noSEE-full-01,orin-nano-01,08493c04-ea69-45ca-948b-6993521ce06d
476,2026-08-01T17:51:06.291Z,1896,4968,9419,1898.4,10,/sys/bus/i2c/drivers/ina3221/1-0040/hwmon/hwmon1,POWER_DERIVED_FROM_CURRENT_AND_VOLTAGE,baseline-noSEE-full-01,orin-nano-01,08493c04-ea69-45ca-948b-6993521ce06d
477,2026-08-01T17:51:11.295Z,1952,4968,9698,1901.6,10,/sys/bus/i2c/drivers/ina3221/1-0040/hwmon/hwmon1,POWER_DERIVED_FROM_CURRENT_AND_VOLTAGE,baseline-noSEE-full-01,orin-nano-01,08493c04-ea69-45ca-948b-6993521ce06d
478,2026-08-01T17:51:16.300Z,1888,4968,9380,1899.2,10,/sys/bus/i2c/drivers/ina3221/1-0040/hwmon/hwmon1,POWER_DERIVED_FROM_CURRENT_AND_VOLTAGE,baseline-noSEE-full-01,orin-nano-01,08493c04-ea69-45ca-948b-6993521ce06d
479,2026-08-01T17:51:21.303Z,1904,4968,9459,1899.2,10,/sys/bus/i2c/drivers/ina3221/1-0040/hwmon/hwmon1,POWER_DERIVED_FROM_CURRENT_AND_VOLTAGE,baseline-noSEE-full-01,orin-nano-01,08493c04-ea69-45ca-948b-6993521ce06d
480,2026-08-01T17:51:26.308Z,1896,4968,9419,1899.2,10,/sys/bus/i2c/drivers/ina3221/1-0040/hwmon/hwmon1,POWER_DERIVED_FROM_CURRENT_AND_VOLTAGE,baseline-noSEE-full-01,orin-nano-01,08493c04-ea69-45ca-948b-6993521ce06d
481,2026-08-01T17:51:31.313Z,1920,4968,9539,1904.0,10,/sys/bus/i2c/drivers/ina3221/1-0040/hwmon/hwmon1,POWER_DERIVED_FROM_CURRENT_AND_VOLTAGE,baseline-noSEE-full-01,orin-nano-01,08493c04-ea69-45ca-948b-6993521ce06d
482,2026-08-01T17:51:36.315Z,1928,4968,9578,1907.2,10,/sys/bus/i2c/drivers/ina3221/1-0040/hwmon/hwmon1,POWER_DERIVED_FROM_CURRENT_AND_VOLTAGE,baseline-noSEE-full-01,orin-nano-01,08493c04-ea69-45ca-948b-6993521ce06d
483,2026-08-01T17:51:41.320Z,1896,4968,9419,1906.4,10,/sys/bus/i2c/drivers/ina3221/1-0040/hwmon/hwmon1,POWER_DERIVED_FROM_CURRENT_AND_VOLTAGE,baseline-noSEE-full-01,orin-nano-01,08493c04-ea69-45ca-948b-6993521ce06d
484,2026-08-01T17:51:46.325Z,1888,4968,9380,1906.4,10,/sys/bus/i2c/drivers/ina3221/1-0040/hwmon/hwmon1,POWER_DERIVED_FROM_CURRENT_AND_VOLTAGE,baseline-noSEE-full-01,orin-nano-01,08493c04-ea69-45ca-948b-6993521ce06d
485,2026-08-01T17:51:51.330Z,1912,4968,9499,1908.0,10,/sys/bus/i2c/drivers/ina3221/1-0040/hwmon/hwmon1,POWER_DERIVED_FROM_CURRENT_AND_VOLTAGE,baseline-noSEE-full-01,orin-nano-01,08493c04-ea69-45ca-948b-6993521ce06d
486,2026-08-01T17:51:56.335Z,1880,4968,9340,1906.4,10,/sys/bus/i2c/drivers/ina3221/1-0040/hwmon/hwmon1,POWER_DERIVED_FROM_CURRENT_AND_VOLTAGE,baseline-noSEE-full-01,orin-nano-01,08493c04-ea69-45ca-948b-6993521ce06d
487,2026-08-01T17:52:01.340Z,1896,4968,9419,1900.8,10,/sys/bus/i2c/drivers/ina3221/1-0040/hwmon/hwmon1,POWER_DERIVED_FROM_CURRENT_AND_VOLTAGE,baseline-noSEE-full-01,orin-nano-01,08493c04-ea69-45ca-948b-6993521ce06d
488,2026-08-01T17:52:06.343Z,1904,4968,9459,1902.4,10,/sys/bus/i2c/drivers/ina3221/1-0040/hwmon/hwmon1,POWER_DERIVED_FROM_CURRENT_AND_VOLTAGE,baseline-noSEE-full-01,orin-nano-01,08493c04-ea69-45ca-948b-6993521ce06d
489,2026-08-01T17:52:11.348Z,1912,4968,9499,1903.2,10,/sys/bus/i2c/drivers/ina3221/1-0040/hwmon/hwmon1,POWER_DERIVED_FROM_CURRENT_AND_VOLTAGE,baseline-noSEE-full-01,orin-nano-01,08493c04-ea69-45ca-948b-6993521ce06d
490,2026-08-01T17:52:16.351Z,1904,4968,9459,1904.0,10,/sys/bus/i2c/drivers/ina3221/1-0040/hwmon/hwmon1,POWER_DERIVED_FROM_CURRENT_AND_VOLTAGE,baseline-noSEE-full-01,orin-nano-01,08493c04-ea69-45ca-948b-6993521ce06d
491,2026-08-01T17:52:21.355Z,1976,4968,9817,1909.6,10,/sys/bus/i2c/drivers/ina3221/1-0040/hwmon/hwmon1,POWER_DERIVED_FROM_CURRENT_AND_VOLTAGE,baseline-noSEE-full-01,orin-nano-01,08493c04-ea69-45ca-948b-6993521ce06d
492,2026-08-01T17:52:26.360Z,1944,4968,9658,1911.2,10,/sys/bus/i2c/drivers/ina3221/1-0040/hwmon/hwmon1,POWER_DERIVED_FROM_CURRENT_AND_VOLTAGE,baseline-noSEE-full-01,orin-nano-01,08493c04-ea69-45ca-948b-6993521ce06d
493,2026-08-01T17:52:31.365Z,1944,4968,9658,1916.0,10,/sys/bus/i2c/drivers/ina3221/1-0040/hwmon/hwmon1,POWER_DERIVED_FROM_CURRENT_AND_VOLTAGE,baseline-noSEE-full-01,orin-nano-01,08493c04-ea69-45ca-948b-6993521ce06d
494,2026-08-01T17:52:36.370Z,1904,4968,9459,1917.6,10,/sys/bus/i2c/drivers/ina3221/1-0040/hwmon/hwmon1,POWER_DERIVED_FROM_CURRENT_AND_VOLTAGE,baseline-noSEE-full-01,orin-nano-01,08493c04-ea69-45ca-948b-6993521ce06d
495,2026-08-01T17:52:41.375Z,1920,4968,9539,1918.4,10,/sys/bus/i2c/drivers/ina3221/1-0040/hwmon/hwmon1,POWER_DERIVED_FROM_CURRENT_AND_VOLTAGE,baseline-noSEE-full-01,orin-nano-01,08493c04-ea69-45ca-948b-6993521ce06d
496,2026-08-01T17:52:46.378Z,1888,4968,9380,1919.2,10,/sys/bus/i2c/drivers/ina3221/1-0040/hwmon/hwmon1,POWER_DERIVED_FROM_CURRENT_AND_VOLTAGE,baseline-noSEE-full-01,orin-nano-01,08493c04-ea69-45ca-948b-6993521ce06d
497,2026-08-01T17:52:51.383Z,1936,4968,9618,1923.2,10,/sys/bus/i2c/drivers/ina3221/1-0040/hwmon/hwmon1,POWER_DERIVED_FROM_CURRENT_AND_VOLTAGE,baseline-noSEE-full-01,orin-nano-01,08493c04-ea69-45ca-948b-6993521ce06d
498,2026-08-01T17:52:56.387Z,1944,4968,9658,1927.2,10,/sys/bus/i2c/drivers/ina3221/1-0040/hwmon/hwmon1,POWER_DERIVED_FROM_CURRENT_AND_VOLTAGE,baseline-noSEE-full-01,orin-nano-01,08493c04-ea69-45ca-948b-6993521ce06d
499,2026-08-01T17:53:01.387Z,1904,4968,9459,1926.4,10,/sys/bus/i2c/drivers/ina3221/1-0040/hwmon/hwmon1,POWER_DERIVED_FROM_CURRENT_AND_VOLTAGE,baseline-noSEE-full-01,orin-nano-01,08493c04-ea69-45ca-948b-6993521ce06d
500,2026-08-01T17:53:06.391Z,1880,4968,9340,1924.0,10,/sys/bus/i2c/drivers/ina3221/1-0040/hwmon/hwmon1,POWER_DERIVED_FROM_CURRENT_AND_VOLTAGE,baseline-noSEE-full-01,orin-nano-01,08493c04-ea69-45ca-948b-6993521ce06d
501,2026-08-01T17:53:11.393Z,1896,4968,9419,1916.0,10,/sys/bus/i2c/drivers/ina3221/1-0040/hwmon/hwmon1,POWER_DERIVED_FROM_CURRENT_AND_VOLTAGE,baseline-noSEE-full-01,orin-nano-01,08493c04-ea69-45ca-948b-6993521ce06d
502,2026-08-01T17:53:16.398Z,1880,4968,9340,1909.6,10,/sys/bus/i2c/drivers/ina3221/1-0040/hwmon/hwmon1,POWER_DERIVED_FROM_CURRENT_AND_VOLTAGE,baseline-noSEE-full-01,orin-nano-01,08493c04-ea69-45ca-948b-6993521ce06d
503,2026-08-01T17:53:21.403Z,1904,4968,9459,1905.6,10,/sys/bus/i2c/drivers/ina3221/1-0040/hwmon/hwmon1,POWER_DERIVED_FROM_CURRENT_AND_VOLTAGE,baseline-noSEE-full-01,orin-nano-01,08493c04-ea69-45ca-948b-6993521ce06d
504,2026-08-01T17:53:26.407Z,1920,4968,9539,1907.2,10,/sys/bus/i2c/drivers/ina3221/1-0040/hwmon/hwmon1,POWER_DERIVED_FROM_CURRENT_AND_VOLTAGE,baseline-noSEE-full-01,orin-nano-01,08493c04-ea69-45ca-948b-6993521ce06d
505,2026-08-01T17:53:31.411Z,1984,4968,9857,1913.6,10,/sys/bus/i2c/drivers/ina3221/1-0040/hwmon/hwmon1,POWER_DERIVED_FROM_CURRENT_AND_VOLTAGE,baseline-noSEE-full-01,orin-nano-01,08493c04-ea69-45ca-948b-6993521ce06d
506,2026-08-01T17:53:36.415Z,1888,4968,9380,1913.6,10,/sys/bus/i2c/drivers/ina3221/1-0040/hwmon/hwmon1,POWER_DERIVED_FROM_CURRENT_AND_VOLTAGE,baseline-noSEE-full-01,orin-nano-01,08493c04-ea69-45ca-948b-6993521ce06d
507,2026-08-01T17:53:41.419Z,1896,4968,9419,1909.6,10,/sys/bus/i2c/drivers/ina3221/1-0040/hwmon/hwmon1,POWER_DERIVED_FROM_CURRENT_AND_VOLTAGE,baseline-noSEE-full-01,orin-nano-01,08493c04-ea69-45ca-948b-6993521ce06d
508,2026-08-01T17:53:46.424Z,1904,4968,9459,1905.6,10,/sys/bus/i2c/drivers/ina3221/1-0040/hwmon/hwmon1,POWER_DERIVED_FROM_CURRENT_AND_VOLTAGE,baseline-noSEE-full-01,orin-nano-01,08493c04-ea69-45ca-948b-6993521ce06d
509,2026-08-01T17:53:51.427Z,1896,4968,9419,1904.8,10,/sys/bus/i2c/drivers/ina3221/1-0040/hwmon/hwmon1,POWER_DERIVED_FROM_CURRENT_AND_VOLTAGE,baseline-noSEE-full-01,orin-nano-01,08493c04-ea69-45ca-948b-6993521ce06d
510,2026-08-01T17:53:56.431Z,1952,4968,9698,1912.0,10,/sys/bus/i2c/drivers/ina3221/1-0040/hwmon/hwmon1,POWER_DERIVED_FROM_CURRENT_AND_VOLTAGE,baseline-noSEE-full-01,orin-nano-01,08493c04-ea69-45ca-948b-6993521ce06d
511,2026-08-01T17:54:01.435Z,1984,4968,9857,1920.8,10,/sys/bus/i2c/drivers/ina3221/1-0040/hwmon/hwmon1,POWER_DERIVED_FROM_CURRENT_AND_VOLTAGE,baseline-noSEE-full-01,orin-nano-01,08493c04-ea69-45ca-948b-6993521ce06d
512,2026-08-01T17:54:06.439Z,2000,4968,9936,1932.8,10,/sys/bus/i2c/drivers/ina3221/1-0040/hwmon/hwmon1,POWER_DERIVED_FROM_CURRENT_AND_VOLTAGE,baseline-noSEE-full-01,orin-nano-01,08493c04-ea69-45ca-948b-6993521ce06d
513,2026-08-01T17:54:11.444Z,1952,4968,9698,1937.6,10,/sys/bus/i2c/drivers/ina3221/1-0040/hwmon/hwmon1,POWER_DERIVED_FROM_CURRENT_AND_VOLTAGE,baseline-noSEE-full-01,orin-nano-01,08493c04-ea69-45ca-948b-6993521ce06d
514,2026-08-01T17:54:16.447Z,1912,4968,9499,1936.8,10,/sys/bus/i2c/drivers/ina3221/1-0040/hwmon/hwmon1,POWER_DERIVED_FROM_CURRENT_AND_VOLTAGE,baseline-noSEE-full-01,orin-nano-01,08493c04-ea69-45ca-948b-6993521ce06d
515,2026-08-01T17:54:21.451Z,1912,4968,9499,1929.6,10,/sys/bus/i2c/drivers/ina3221/1-0040/hwmon/hwmon1,POWER_DERIVED_FROM_CURRENT_AND_VOLTAGE,baseline-noSEE-full-01,orin-nano-01,08493c04-ea69-45ca-948b-6993521ce06d
516,2026-08-01T17:54:26.455Z,1896,4968,9419,1930.4,10,/sys/bus/i2c/drivers/ina3221/1-0040/hwmon/hwmon1,POWER_DERIVED_FROM_CURRENT_AND_VOLTAGE,baseline-noSEE-full-01,orin-nano-01,08493c04-ea69-45ca-948b-6993521ce06d
517,2026-08-01T17:54:31.460Z,1896,4968,9419,1930.4,10,/sys/bus/i2c/drivers/ina3221/1-0040/hwmon/hwmon1,POWER_DERIVED_FROM_CURRENT_AND_VOLTAGE,baseline-noSEE-full-01,orin-nano-01,08493c04-ea69-45ca-948b-6993521ce06d
518,2026-08-01T17:54:36.463Z,1872,4968,9300,1927.2,10,/sys/bus/i2c/drivers/ina3221/1-0040/hwmon/hwmon1,POWER_DERIVED_FROM_CURRENT_AND_VOLTAGE,baseline-noSEE-full-01,orin-nano-01,08493c04-ea69-45ca-948b-6993521ce06d
519,2026-08-01T17:54:41.468Z,1896,4968,9419,1927.2,10,/sys/bus/i2c/drivers/ina3221/1-0040/hwmon/hwmon1,POWER_DERIVED_FROM_CURRENT_AND_VOLTAGE,baseline-noSEE-full-01,orin-nano-01,08493c04-ea69-45ca-948b-6993521ce06d
520,2026-08-01T17:54:46.471Z,1904,4968,9459,1922.4,10,/sys/bus/i2c/drivers/ina3221/1-0040/hwmon/hwmon1,POWER_DERIVED_FROM_CURRENT_AND_VOLTAGE,baseline-noSEE-full-01,orin-nano-01,08493c04-ea69-45ca-948b-6993521ce06d
521,2026-08-01T17:54:51.475Z,1896,4968,9419,1913.6,10,/sys/bus/i2c/drivers/ina3221/1-0040/hwmon/hwmon1,POWER_DERIVED_FROM_CURRENT_AND_VOLTAGE,baseline-noSEE-full-01,orin-nano-01,08493c04-ea69-45ca-948b-6993521ce06d
522,2026-08-01T17:54:56.479Z,1928,4968,9578,1906.4,10,/sys/bus/i2c/drivers/ina3221/1-0040/hwmon/hwmon1,POWER_DERIVED_FROM_CURRENT_AND_VOLTAGE,baseline-noSEE-full-01,orin-nano-01,08493c04-ea69-45ca-948b-6993521ce06d
523,2026-08-01T17:55:01.483Z,1968,4968,9777,1908.0,10,/sys/bus/i2c/drivers/ina3221/1-0040/hwmon/hwmon1,POWER_DERIVED_FROM_CURRENT_AND_VOLTAGE,baseline-noSEE-full-01,orin-nano-01,08493c04-ea69-45ca-948b-6993521ce06d
524,2026-08-01T17:55:06.487Z,1992,4968,9896,1916.0,10,/sys/bus/i2c/drivers/ina3221/1-0040/hwmon/hwmon1,POWER_DERIVED_FROM_CURRENT_AND_VOLTAGE,baseline-noSEE-full-01,orin-nano-01,08493c04-ea69-45ca-948b-6993521ce06d
525,2026-08-01T17:55:11.491Z,1944,4968,9658,1919.2,10,/sys/bus/i2c/drivers/ina3221/1-0040/hwmon/hwmon1,POWER_DERIVED_FROM_CURRENT_AND_VOLTAGE,baseline-noSEE-full-01,orin-nano-01,08493c04-ea69-45ca-948b-6993521ce06d
526,2026-08-01T17:55:16.495Z,1936,4968,9618,1923.2,10,/sys/bus/i2c/drivers/ina3221/1-0040/hwmon/hwmon1,POWER_DERIVED_FROM_CURRENT_AND_VOLTAGE,baseline-noSEE-full-01,orin-nano-01,08493c04-ea69-45ca-948b-6993521ce06d
527,2026-08-01T17:55:21.499Z,1920,4968,9539,1925.6,10,/sys/bus/i2c/drivers/ina3221/1-0040/hwmon/hwmon1,POWER_DERIVED_FROM_CURRENT_AND_VOLTAGE,baseline-noSEE-full-01,orin-nano-01,08493c04-ea69-45ca-948b-6993521ce06d
528,2026-08-01T17:55:26.503Z,1936,4968,9618,1932.0,10,/sys/bus/i2c/drivers/ina3221/1-0040/hwmon/hwmon1,POWER_DERIVED_FROM_CURRENT_AND_VOLTAGE,baseline-noSEE-full-01,orin-nano-01,08493c04-ea69-45ca-948b-6993521ce06d
529,2026-08-01T17:55:31.507Z,1944,4968,9658,1936.8,10,/sys/bus/i2c/drivers/ina3221/1-0040/hwmon/hwmon1,POWER_DERIVED_FROM_CURRENT_AND_VOLTAGE,baseline-noSEE-full-01,orin-nano-01,08493c04-ea69-45ca-948b-6993521ce06d
530,2026-08-01T17:55:36.511Z,1904,4968,9459,1936.8,10,/sys/bus/i2c/drivers/ina3221/1-0040/hwmon/hwmon1,POWER_DERIVED_FROM_CURRENT_AND_VOLTAGE,baseline-noSEE-full-01,orin-nano-01,08493c04-ea69-45ca-948b-6993521ce06d
531,2026-08-01T17:55:41.515Z,1896,4968,9419,1936.8,10,/sys/bus/i2c/drivers/ina3221/1-0040/hwmon/hwmon1,POWER_DERIVED_FROM_CURRENT_AND_VOLTAGE,baseline-noSEE-full-01,orin-nano-01,08493c04-ea69-45ca-948b-6993521ce06d
532,2026-08-01T17:55:46.519Z,1912,4968,9499,1935.2,10,/sys/bus/i2c/drivers/ina3221/1-0040/hwmon/hwmon1,POWER_DERIVED_FROM_CURRENT_AND_VOLTAGE,baseline-noSEE-full-01,orin-nano-01,08493c04-ea69-45ca-948b-6993521ce06d
533,2026-08-01T17:55:51.523Z,1888,4968,9380,1927.2,10,/sys/bus/i2c/drivers/ina3221/1-0040/hwmon/hwmon1,POWER_DERIVED_FROM_CURRENT_AND_VOLTAGE,baseline-noSEE-full-01,orin-nano-01,08493c04-ea69-45ca-948b-6993521ce06d
534,2026-08-01T17:55:56.527Z,1904,4968,9459,1918.4,10,/sys/bus/i2c/drivers/ina3221/1-0040/hwmon/hwmon1,POWER_DERIVED_FROM_CURRENT_AND_VOLTAGE,baseline-noSEE-full-01,orin-nano-01,08493c04-ea69-45ca-948b-6993521ce06d
535,2026-08-01T17:56:01.531Z,1880,4968,9340,1912.0,10,/sys/bus/i2c/drivers/ina3221/1-0040/hwmon/hwmon1,POWER_DERIVED_FROM_CURRENT_AND_VOLTAGE,baseline-noSEE-full-01,orin-nano-01,08493c04-ea69-45ca-948b-6993521ce06d
536,2026-08-01T17:56:06.535Z,1912,4968,9499,1909.6,10,/sys/bus/i2c/drivers/ina3221/1-0040/hwmon/hwmon1,POWER_DERIVED_FROM_CURRENT_AND_VOLTAGE,baseline-noSEE-full-01,orin-nano-01,08493c04-ea69-45ca-948b-6993521ce06d
537,2026-08-01T17:56:11.539Z,1928,4968,9578,1910.4,10,/sys/bus/i2c/drivers/ina3221/1-0040/hwmon/hwmon1,POWER_DERIVED_FROM_CURRENT_AND_VOLTAGE,baseline-noSEE-full-01,orin-nano-01,08493c04-ea69-45ca-948b-6993521ce06d
538,2026-08-01T17:56:16.543Z,1960,4968,9737,1912.8,10,/sys/bus/i2c/drivers/ina3221/1-0040/hwmon/hwmon1,POWER_DERIVED_FROM_CURRENT_AND_VOLTAGE,baseline-noSEE-full-01,orin-nano-01,08493c04-ea69-45ca-948b-6993521ce06d
539,2026-08-01T17:56:21.547Z,1960,4968,9737,1914.4,10,/sys/bus/i2c/drivers/ina3221/1-0040/hwmon/hwmon1,POWER_DERIVED_FROM_CURRENT_AND_VOLTAGE,baseline-noSEE-full-01,orin-nano-01,08493c04-ea69-45ca-948b-6993521ce06d
540,2026-08-01T17:56:26.551Z,1968,4968,9777,1920.8,10,/sys/bus/i2c/drivers/ina3221/1-0040/hwmon/hwmon1,POWER_DERIVED_FROM_CURRENT_AND_VOLTAGE,baseline-noSEE-full-01,orin-nano-01,08493c04-ea69-45ca-948b-6993521ce06d
541,2026-08-01T17:56:31.555Z,1960,4968,9737,1927.2,10,/sys/bus/i2c/drivers/ina3221/1-0040/hwmon/hwmon1,POWER_DERIVED_FROM_CURRENT_AND_VOLTAGE,baseline-noSEE-full-01,orin-nano-01,08493c04-ea69-45ca-948b-6993521ce06d
542,2026-08-01T17:56:36.559Z,1984,4968,9857,1934.4,10,/sys/bus/i2c/drivers/ina3221/1-0040/hwmon/hwmon1,POWER_DERIVED_FROM_CURRENT_AND_VOLTAGE,baseline-noSEE-full-01,orin-nano-01,08493c04-ea69-45ca-948b-6993521ce06d
543,2026-08-01T17:56:41.563Z,1928,4968,9578,1938.4,10,/sys/bus/i2c/drivers/ina3221/1-0040/hwmon/hwmon1,POWER_DERIVED_FROM_CURRENT_AND_VOLTAGE,baseline-noSEE-full-01,orin-nano-01,08493c04-ea69-45ca-948b-6993521ce06d
544,2026-08-01T17:56:46.567Z,1952,4968,9698,1943.2,10,/sys/bus/i2c/drivers/ina3221/1-0040/hwmon/hwmon1,POWER_DERIVED_FROM_CURRENT_AND_VOLTAGE,baseline-noSEE-full-01,orin-nano-01,08493c04-ea69-45ca-948b-6993521ce06d
545,2026-08-01T17:56:51.572Z,1952,4968,9698,1950.4,10,/sys/bus/i2c/drivers/ina3221/1-0040/hwmon/hwmon1,POWER_DERIVED_FROM_CURRENT_AND_VOLTAGE,baseline-noSEE-full-01,orin-nano-01,08493c04-ea69-45ca-948b-6993521ce06d
546,2026-08-01T17:56:56.575Z,1912,4968,9499,1950.4,10,/sys/bus/i2c/drivers/ina3221/1-0040/hwmon/hwmon1,POWER_DERIVED_FROM_CURRENT_AND_VOLTAGE,baseline-noSEE-full-01,orin-nano-01,08493c04-ea69-45ca-948b-6993521ce06d
547,2026-08-01T17:57:01.579Z,1888,4968,9380,1946.4,10,/sys/bus/i2c/drivers/ina3221/1-0040/hwmon/hwmon1,POWER_DERIVED_FROM_CURRENT_AND_VOLTAGE,baseline-noSEE-full-01,orin-nano-01,08493c04-ea69-45ca-948b-6993521ce06d
548,2026-08-01T17:57:06.584Z,1904,4968,9459,1940.8,10,/sys/bus/i2c/drivers/ina3221/1-0040/hwmon/hwmon1,POWER_DERIVED_FROM_CURRENT_AND_VOLTAGE,baseline-noSEE-full-01,orin-nano-01,08493c04-ea69-45ca-948b-6993521ce06d
549,2026-08-01T17:57:11.587Z,1888,4968,9380,1933.6,10,/sys/bus/i2c/drivers/ina3221/1-0040/hwmon/hwmon1,POWER_DERIVED_FROM_CURRENT_AND_VOLTAGE,baseline-noSEE-full-01,orin-nano-01,08493c04-ea69-45ca-948b-6993521ce06d
550,2026-08-01T17:57:16.591Z,1904,4968,9459,1927.2,10,/sys/bus/i2c/drivers/ina3221/1-0040/hwmon/hwmon1,POWER_DERIVED_FROM_CURRENT_AND_VOLTAGE,baseline-noSEE-full-01,orin-nano-01,08493c04-ea69-45ca-948b-6993521ce06d
551,2026-08-01T17:57:21.595Z,1872,4968,9300,1918.4,10,/sys/bus/i2c/drivers/ina3221/1-0040/hwmon/hwmon1,POWER_DERIVED_FROM_CURRENT_AND_VOLTAGE,baseline-noSEE-full-01,orin-nano-01,08493c04-ea69-45ca-948b-6993521ce06d
552,2026-08-01T17:57:26.599Z,1896,4968,9419,1909.6,10,/sys/bus/i2c/drivers/ina3221/1-0040/hwmon/hwmon1,POWER_DERIVED_FROM_CURRENT_AND_VOLTAGE,baseline-noSEE-full-01,orin-nano-01,08493c04-ea69-45ca-948b-6993521ce06d
553,2026-08-01T17:57:31.603Z,1888,4968,9380,1905.6,10,/sys/bus/i2c/drivers/ina3221/1-0040/hwmon/hwmon1,POWER_DERIVED_FROM_CURRENT_AND_VOLTAGE,baseline-noSEE-full-01,orin-nano-01,08493c04-ea69-45ca-948b-6993521ce06d
554,2026-08-01T17:57:36.608Z,1896,4968,9419,1900.0,10,/sys/bus/i2c/drivers/ina3221/1-0040/hwmon/hwmon1,POWER_DERIVED_FROM_CURRENT_AND_VOLTAGE,baseline-noSEE-full-01,orin-nano-01,08493c04-ea69-45ca-948b-6993521ce06d
555,2026-08-01T17:57:41.614Z,1904,4968,9459,1895.2,10,/sys/bus/i2c/drivers/ina3221/1-0040/hwmon/hwmon1,POWER_DERIVED_FROM_CURRENT_AND_VOLTAGE,baseline-noSEE-full-01,orin-nano-01,08493c04-ea69-45ca-948b-6993521ce06d
556,2026-08-01T17:57:46.615Z,1896,4968,9419,1893.6,10,/sys/bus/i2c/drivers/ina3221/1-0040/hwmon/hwmon1,POWER_DERIVED_FROM_CURRENT_AND_VOLTAGE,baseline-noSEE-full-01,orin-nano-01,08493c04-ea69-45ca-948b-6993521ce06d
557,2026-08-01T17:57:51.620Z,1960,4968,9737,1900.8,10,/sys/bus/i2c/drivers/ina3221/1-0040/hwmon/hwmon1,POWER_DERIVED_FROM_CURRENT_AND_VOLTAGE,baseline-noSEE-full-01,orin-nano-01,08493c04-ea69-45ca-948b-6993521ce06d
558,2026-08-01T17:57:56.623Z,1992,4968,9896,1909.6,10,/sys/bus/i2c/drivers/ina3221/1-0040/hwmon/hwmon1,POWER_DERIVED_FROM_CURRENT_AND_VOLTAGE,baseline-noSEE-full-01,orin-nano-01,08493c04-ea69-45ca-948b-6993521ce06d
559,2026-08-01T17:58:01.627Z,1984,4968,9857,1919.2,10,/sys/bus/i2c/drivers/ina3221/1-0040/hwmon/hwmon1,POWER_DERIVED_FROM_CURRENT_AND_VOLTAGE,baseline-noSEE-full-01,orin-nano-01,08493c04-ea69-45ca-948b-6993521ce06d
560,2026-08-01T17:58:06.631Z,1992,4968,9896,1928.0,10,/sys/bus/i2c/drivers/ina3221/1-0040/hwmon/hwmon1,POWER_DERIVED_FROM_CURRENT_AND_VOLTAGE,baseline-noSEE-full-01,orin-nano-01,08493c04-ea69-45ca-948b-6993521ce06d
561,2026-08-01T17:58:11.635Z,1984,4968,9857,1939.2,10,/sys/bus/i2c/drivers/ina3221/1-0040/hwmon/hwmon1,POWER_DERIVED_FROM_CURRENT_AND_VOLTAGE,baseline-noSEE-full-01,orin-nano-01,08493c04-ea69-45ca-948b-6993521ce06d
562,2026-08-01T17:58:16.639Z,1984,4968,9857,1948.0,10,/sys/bus/i2c/drivers/ina3221/1-0040/hwmon/hwmon1,POWER_DERIVED_FROM_CURRENT_AND_VOLTAGE,baseline-noSEE-full-01,orin-nano-01,08493c04-ea69-45ca-948b-6993521ce06d
563,2026-08-01T17:58:21.643Z,1944,4968,9658,1953.6,10,/sys/bus/i2c/drivers/ina3221/1-0040/hwmon/hwmon1,POWER_DERIVED_FROM_CURRENT_AND_VOLTAGE,baseline-noSEE-full-01,orin-nano-01,08493c04-ea69-45ca-948b-6993521ce06d
564,2026-08-01T17:58:26.647Z,1984,4968,9857,1962.4,10,/sys/bus/i2c/drivers/ina3221/1-0040/hwmon/hwmon1,POWER_DERIVED_FROM_CURRENT_AND_VOLTAGE,baseline-noSEE-full-01,orin-nano-01,08493c04-ea69-45ca-948b-6993521ce06d
565,2026-08-01T17:58:31.651Z,1936,4968,9618,1965.6,10,/sys/bus/i2c/drivers/ina3221/1-0040/hwmon/hwmon1,POWER_DERIVED_FROM_CURRENT_AND_VOLTAGE,baseline-noSEE-full-01,orin-nano-01,08493c04-ea69-45ca-948b-6993521ce06d
566,2026-08-01T17:58:36.655Z,1936,4968,9618,1969.6,10,/sys/bus/i2c/drivers/ina3221/1-0040/hwmon/hwmon1,POWER_DERIVED_FROM_CURRENT_AND_VOLTAGE,baseline-noSEE-full-01,orin-nano-01,08493c04-ea69-45ca-948b-6993521ce06d
567,2026-08-01T17:58:41.659Z,1936,4968,9618,1967.2,10,/sys/bus/i2c/drivers/ina3221/1-0040/hwmon/hwmon1,POWER_DERIVED_FROM_CURRENT_AND_VOLTAGE,baseline-noSEE-full-01,orin-nano-01,08493c04-ea69-45ca-948b-6993521ce06d
568,2026-08-01T17:58:46.663Z,1912,4968,9499,1959.2,10,/sys/bus/i2c/drivers/ina3221/1-0040/hwmon/hwmon1,POWER_DERIVED_FROM_CURRENT_AND_VOLTAGE,baseline-noSEE-full-01,orin-nano-01,08493c04-ea69-45ca-948b-6993521ce06d
569,2026-08-01T17:58:51.667Z,1912,4968,9499,1952.0,10,/sys/bus/i2c/drivers/ina3221/1-0040/hwmon/hwmon1,POWER_DERIVED_FROM_CURRENT_AND_VOLTAGE,baseline-noSEE-full-01,orin-nano-01,08493c04-ea69-45ca-948b-6993521ce06d
570,2026-08-01T17:58:56.671Z,1912,4968,9499,1944.0,10,/sys/bus/i2c/drivers/ina3221/1-0040/hwmon/hwmon1,POWER_DERIVED_FROM_CURRENT_AND_VOLTAGE,baseline-noSEE-full-01,orin-nano-01,08493c04-ea69-45ca-948b-6993521ce06d
571,2026-08-01T17:59:01.675Z,1920,4968,9539,1937.6,10,/sys/bus/i2c/drivers/ina3221/1-0040/hwmon/hwmon1,POWER_DERIVED_FROM_CURRENT_AND_VOLTAGE,baseline-noSEE-full-01,orin-nano-01,08493c04-ea69-45ca-948b-6993521ce06d
572,2026-08-01T17:59:06.679Z,1896,4968,9419,1928.8,10,/sys/bus/i2c/drivers/ina3221/1-0040/hwmon/hwmon1,POWER_DERIVED_FROM_CURRENT_AND_VOLTAGE,baseline-noSEE-full-01,orin-nano-01,08493c04-ea69-45ca-948b-6993521ce06d
573,2026-08-01T17:59:11.683Z,1912,4968,9499,1925.6,10,/sys/bus/i2c/drivers/ina3221/1-0040/hwmon/hwmon1,POWER_DERIVED_FROM_CURRENT_AND_VOLTAGE,baseline-noSEE-full-01,orin-nano-01,08493c04-ea69-45ca-948b-6993521ce06d
574,2026-08-01T17:59:16.687Z,1896,4968,9419,1916.8,10,/sys/bus/i2c/drivers/ina3221/1-0040/hwmon/hwmon1,POWER_DERIVED_FROM_CURRENT_AND_VOLTAGE,baseline-noSEE-full-01,orin-nano-01,08493c04-ea69-45ca-948b-6993521ce06d
575,2026-08-01T17:59:21.691Z,1928,4968,9578,1916.0,10,/sys/bus/i2c/drivers/ina3221/1-0040/hwmon/hwmon1,POWER_DERIVED_FROM_CURRENT_AND_VOLTAGE,baseline-noSEE-full-01,orin-nano-01,08493c04-ea69-45ca-948b-6993521ce06d
576,2026-08-01T17:59:26.695Z,1936,4968,9618,1916.0,10,/sys/bus/i2c/drivers/ina3221/1-0040/hwmon/hwmon1,POWER_DERIVED_FROM_CURRENT_AND_VOLTAGE,baseline-noSEE-full-01,orin-nano-01,08493c04-ea69-45ca-948b-6993521ce06d
577,2026-08-01T17:59:31.699Z,1904,4968,9459,1912.8,10,/sys/bus/i2c/drivers/ina3221/1-0040/hwmon/hwmon1,POWER_DERIVED_FROM_CURRENT_AND_VOLTAGE,baseline-noSEE-full-01,orin-nano-01,08493c04-ea69-45ca-948b-6993521ce06d
578,2026-08-01T17:59:36.703Z,1888,4968,9380,1910.4,10,/sys/bus/i2c/drivers/ina3221/1-0040/hwmon/hwmon1,POWER_DERIVED_FROM_CURRENT_AND_VOLTAGE,baseline-noSEE-full-01,orin-nano-01,08493c04-ea69-45ca-948b-6993521ce06d
579,2026-08-01T17:59:41.707Z,1904,4968,9459,1909.6,10,/sys/bus/i2c/drivers/ina3221/1-0040/hwmon/hwmon1,POWER_DERIVED_FROM_CURRENT_AND_VOLTAGE,baseline-noSEE-full-01,orin-nano-01,08493c04-ea69-45ca-948b-6993521ce06d
580,2026-08-01T17:59:46.711Z,1888,4968,9380,1907.2,10,/sys/bus/i2c/drivers/ina3221/1-0040/hwmon/hwmon1,POWER_DERIVED_FROM_CURRENT_AND_VOLTAGE,baseline-noSEE-full-01,orin-nano-01,08493c04-ea69-45ca-948b-6993521ce06d
581,2026-08-01T17:59:51.715Z,1904,4968,9459,1905.6,10,/sys/bus/i2c/drivers/ina3221/1-0040/hwmon/hwmon1,POWER_DERIVED_FROM_CURRENT_AND_VOLTAGE,baseline-noSEE-full-01,orin-nano-01,08493c04-ea69-45ca-948b-6993521ce06d
582,2026-08-01T17:59:56.719Z,1896,4968,9419,1905.6,10,/sys/bus/i2c/drivers/ina3221/1-0040/hwmon/hwmon1,POWER_DERIVED_FROM_CURRENT_AND_VOLTAGE,baseline-noSEE-full-01,orin-nano-01,08493c04-ea69-45ca-948b-6993521ce06d
583,2026-08-01T18:00:01.723Z,1928,4968,9578,1907.2,10,/sys/bus/i2c/drivers/ina3221/1-0040/hwmon/hwmon1,POWER_DERIVED_FROM_CURRENT_AND_VOLTAGE,baseline-noSEE-full-01,orin-nano-01,08493c04-ea69-45ca-948b-6993521ce06d
584,2026-08-01T18:00:06.727Z,1920,4968,9539,1909.6,10,/sys/bus/i2c/drivers/ina3221/1-0040/hwmon/hwmon1,POWER_DERIVED_FROM_CURRENT_AND_VOLTAGE,baseline-noSEE-full-01,orin-nano-01,08493c04-ea69-45ca-948b-6993521ce06d
585,2026-08-01T18:00:11.731Z,1936,4968,9618,1910.4,10,/sys/bus/i2c/drivers/ina3221/1-0040/hwmon/hwmon1,POWER_DERIVED_FROM_CURRENT_AND_VOLTAGE,baseline-noSEE-full-01,orin-nano-01,08493c04-ea69-45ca-948b-6993521ce06d
586,2026-08-01T18:00:16.735Z,1944,4968,9658,1911.2,10,/sys/bus/i2c/drivers/ina3221/1-0040/hwmon/hwmon1,POWER_DERIVED_FROM_CURRENT_AND_VOLTAGE,baseline-noSEE-full-01,orin-nano-01,08493c04-ea69-45ca-948b-6993521ce06d
587,2026-08-01T18:00:21.739Z,1992,4968,9896,1920.0,10,/sys/bus/i2c/drivers/ina3221/1-0040/hwmon/hwmon1,POWER_DERIVED_FROM_CURRENT_AND_VOLTAGE,baseline-noSEE-full-01,orin-nano-01,08493c04-ea69-45ca-948b-6993521ce06d
588,2026-08-01T18:00:26.744Z,1944,4968,9658,1925.6,10,/sys/bus/i2c/drivers/ina3221/1-0040/hwmon/hwmon1,POWER_DERIVED_FROM_CURRENT_AND_VOLTAGE,baseline-noSEE-full-01,orin-nano-01,08493c04-ea69-45ca-948b-6993521ce06d
589,2026-08-01T18:00:31.747Z,1936,4968,9618,1928.8,10,/sys/bus/i2c/drivers/ina3221/1-0040/hwmon/hwmon1,POWER_DERIVED_FROM_CURRENT_AND_VOLTAGE,baseline-noSEE-full-01,orin-nano-01,08493c04-ea69-45ca-948b-6993521ce06d
590,2026-08-01T18:00:36.751Z,1912,4968,9499,1931.2,10,/sys/bus/i2c/drivers/ina3221/1-0040/hwmon/hwmon1,POWER_DERIVED_FROM_CURRENT_AND_VOLTAGE,baseline-noSEE-full-01,orin-nano-01,08493c04-ea69-45ca-948b-6993521ce06d
591,2026-08-01T18:00:41.756Z,1944,4968,9658,1935.2,10,/sys/bus/i2c/drivers/ina3221/1-0040/hwmon/hwmon1,POWER_DERIVED_FROM_CURRENT_AND_VOLTAGE,baseline-noSEE-full-01,orin-nano-01,08493c04-ea69-45ca-948b-6993521ce06d
592,2026-08-01T18:00:46.761Z,1952,4968,9698,1940.8,10,/sys/bus/i2c/drivers/ina3221/1-0040/hwmon/hwmon1,POWER_DERIVED_FROM_CURRENT_AND_VOLTAGE,baseline-noSEE-full-01,orin-nano-01,08493c04-ea69-45ca-948b-6993521ce06d
593,2026-08-01T18:00:51.763Z,1920,4968,9539,1940.0,10,/sys/bus/i2c/drivers/ina3221/1-0040/hwmon/hwmon1,POWER_DERIVED_FROM_CURRENT_AND_VOLTAGE,baseline-noSEE-full-01,orin-nano-01,08493c04-ea69-45ca-948b-6993521ce06d
594,2026-08-01T18:00:56.768Z,1896,4968,9419,1937.6,10,/sys/bus/i2c/drivers/ina3221/1-0040/hwmon/hwmon1,POWER_DERIVED_FROM_CURRENT_AND_VOLTAGE,baseline-noSEE-full-01,orin-nano-01,08493c04-ea69-45ca-948b-6993521ce06d
595,2026-08-01T18:01:01.771Z,1912,4968,9499,1935.2,10,/sys/bus/i2c/drivers/ina3221/1-0040/hwmon/hwmon1,POWER_DERIVED_FROM_CURRENT_AND_VOLTAGE,baseline-noSEE-full-01,orin-nano-01,08493c04-ea69-45ca-948b-6993521ce06d
596,2026-08-01T18:01:06.775Z,1896,4968,9419,1930.4,10,/sys/bus/i2c/drivers/ina3221/1-0040/hwmon/hwmon1,POWER_DERIVED_FROM_CURRENT_AND_VOLTAGE,baseline-noSEE-full-01,orin-nano-01,08493c04-ea69-45ca-948b-6993521ce06d
597,2026-08-01T18:01:11.779Z,1912,4968,9499,1922.4,10,/sys/bus/i2c/drivers/ina3221/1-0040/hwmon/hwmon1,POWER_DERIVED_FROM_CURRENT_AND_VOLTAGE,baseline-noSEE-full-01,orin-nano-01,08493c04-ea69-45ca-948b-6993521ce06d
598,2026-08-01T18:01:16.784Z,1880,4968,9340,1916.0,10,/sys/bus/i2c/drivers/ina3221/1-0040/hwmon/hwmon1,POWER_DERIVED_FROM_CURRENT_AND_VOLTAGE,baseline-noSEE-full-01,orin-nano-01,08493c04-ea69-45ca-948b-6993521ce06d
599,2026-08-01T18:01:21.789Z,1896,4968,9419,1912.0,10,/sys/bus/i2c/drivers/ina3221/1-0040/hwmon/hwmon1,POWER_DERIVED_FROM_CURRENT_AND_VOLTAGE,baseline-noSEE-full-01,orin-nano-01,08493c04-ea69-45ca-948b-6993521ce06d
600,2026-08-01T18:01:26.791Z,1872,4968,9300,1908.0,10,/sys/bus/i2c/drivers/ina3221/1-0040/hwmon/hwmon1,POWER_DERIVED_FROM_CURRENT_AND_VOLTAGE,baseline-noSEE-full-01,orin-nano-01,08493c04-ea69-45ca-948b-6993521ce06d
601,2026-08-01T18:01:31.795Z,1896,4968,9419,1903.2,10,/sys/bus/i2c/drivers/ina3221/1-0040/hwmon/hwmon1,POWER_DERIVED_FROM_CURRENT_AND_VOLTAGE,baseline-noSEE-full-01,orin-nano-01,08493c04-ea69-45ca-948b-6993521ce06d
602,2026-08-01T18:01:36.799Z,1904,4968,9459,1898.4,10,/sys/bus/i2c/drivers/ina3221/1-0040/hwmon/hwmon1,POWER_DERIVED_FROM_CURRENT_AND_VOLTAGE,baseline-noSEE-full-01,orin-nano-01,08493c04-ea69-45ca-948b-6993521ce06d
603,2026-08-01T18:01:41.803Z,1896,4968,9419,1896.0,10,/sys/bus/i2c/drivers/ina3221/1-0040/hwmon/hwmon1,POWER_DERIVED_FROM_CURRENT_AND_VOLTAGE,baseline-noSEE-full-01,orin-nano-01,08493c04-ea69-45ca-948b-6993521ce06d
604,2026-08-01T18:01:46.807Z,1920,4968,9539,1898.4,10,/sys/bus/i2c/drivers/ina3221/1-0040/hwmon/hwmon1,POWER_DERIVED_FROM_CURRENT_AND_VOLTAGE,baseline-noSEE-full-01,orin-nano-01,08493c04-ea69-45ca-948b-6993521ce06d
605,2026-08-01T18:01:51.811Z,1976,4968,9817,1904.8,10,/sys/bus/i2c/drivers/ina3221/1-0040/hwmon/hwmon1,POWER_DERIVED_FROM_CURRENT_AND_VOLTAGE,baseline-noSEE-full-01,orin-nano-01,08493c04-ea69-45ca-948b-6993521ce06d
606,2026-08-01T18:01:56.816Z,2008,4968,9976,1916.0,10,/sys/bus/i2c/drivers/ina3221/1-0040/hwmon/hwmon1,POWER_DERIVED_FROM_CURRENT_AND_VOLTAGE,baseline-noSEE-full-01,orin-nano-01,08493c04-ea69-45ca-948b-6993521ce06d
607,2026-08-01T18:02:01.821Z,1968,4968,9777,1921.6,10,/sys/bus/i2c/drivers/ina3221/1-0040/hwmon/hwmon1,POWER_DERIVED_FROM_CURRENT_AND_VOLTAGE,baseline-noSEE-full-01,orin-nano-01,08493c04-ea69-45ca-948b-6993521ce06d
608,2026-08-01T18:02:06.826Z,1936,4968,9618,1927.2,10,/sys/bus/i2c/drivers/ina3221/1-0040/hwmon/hwmon1,POWER_DERIVED_FROM_CURRENT_AND_VOLTAGE,baseline-noSEE-full-01,orin-nano-01,08493c04-ea69-45ca-948b-6993521ce06d
609,2026-08-01T18:02:11.831Z,1928,4968,9578,1930.4,10,/sys/bus/i2c/drivers/ina3221/1-0040/hwmon/hwmon1,POWER_DERIVED_FROM_CURRENT_AND_VOLTAGE,baseline-noSEE-full-01,orin-nano-01,08493c04-ea69-45ca-948b-6993521ce06d
610,2026-08-01T18:02:16.835Z,1896,4968,9419,1932.8,10,/sys/bus/i2c/drivers/ina3221/1-0040/hwmon/hwmon1,POWER_DERIVED_FROM_CURRENT_AND_VOLTAGE,baseline-noSEE-full-01,orin-nano-01,08493c04-ea69-45ca-948b-6993521ce06d
611,2026-08-01T18:02:21.840Z,1904,4968,9459,1933.6,10,/sys/bus/i2c/drivers/ina3221/1-0040/hwmon/hwmon1,POWER_DERIVED_FROM_CURRENT_AND_VOLTAGE,baseline-noSEE-full-01,orin-nano-01,08493c04-ea69-45ca-948b-6993521ce06d
612,2026-08-01T18:02:26.845Z,1888,4968,9380,1932.0,10,/sys/bus/i2c/drivers/ina3221/1-0040/hwmon/hwmon1,POWER_DERIVED_FROM_CURRENT_AND_VOLTAGE,baseline-noSEE-full-01,orin-nano-01,08493c04-ea69-45ca-948b-6993521ce06d
613,2026-08-01T18:02:31.850Z,1920,4968,9539,1934.4,10,/sys/bus/i2c/drivers/ina3221/1-0040/hwmon/hwmon1,POWER_DERIVED_FROM_CURRENT_AND_VOLTAGE,baseline-noSEE-full-01,orin-nano-01,08493c04-ea69-45ca-948b-6993521ce06d
614,2026-08-01T18:02:36.855Z,1928,4968,9578,1935.2,10,/sys/bus/i2c/drivers/ina3221/1-0040/hwmon/hwmon1,POWER_DERIVED_FROM_CURRENT_AND_VOLTAGE,baseline-noSEE-full-01,orin-nano-01,08493c04-ea69-45ca-948b-6993521ce06d
615,2026-08-01T18:02:41.859Z,1952,4968,9698,1932.8,10,/sys/bus/i2c/drivers/ina3221/1-0040/hwmon/hwmon1,POWER_DERIVED_FROM_CURRENT_AND_VOLTAGE,baseline-noSEE-full-01,orin-nano-01,08493c04-ea69-45ca-948b-6993521ce06d
616,2026-08-01T18:02:46.863Z,1928,4968,9578,1924.8,10,/sys/bus/i2c/drivers/ina3221/1-0040/hwmon/hwmon1,POWER_DERIVED_FROM_CURRENT_AND_VOLTAGE,baseline-noSEE-full-01,orin-nano-01,08493c04-ea69-45ca-948b-6993521ce06d
617,2026-08-01T18:02:51.867Z,1920,4968,9539,1920.0,10,/sys/bus/i2c/drivers/ina3221/1-0040/hwmon/hwmon1,POWER_DERIVED_FROM_CURRENT_AND_VOLTAGE,baseline-noSEE-full-01,orin-nano-01,08493c04-ea69-45ca-948b-6993521ce06d
618,2026-08-01T18:02:56.871Z,1920,4968,9539,1918.4,10,/sys/bus/i2c/drivers/ina3221/1-0040/hwmon/hwmon1,POWER_DERIVED_FROM_CURRENT_AND_VOLTAGE,baseline-noSEE-full-01,orin-nano-01,08493c04-ea69-45ca-948b-6993521ce06d
619,2026-08-01T18:03:01.875Z,1904,4968,9459,1916.0,10,/sys/bus/i2c/drivers/ina3221/1-0040/hwmon/hwmon1,POWER_DERIVED_FROM_CURRENT_AND_VOLTAGE,baseline-noSEE-full-01,orin-nano-01,08493c04-ea69-45ca-948b-6993521ce06d
620,2026-08-01T18:03:06.879Z,1912,4968,9499,1917.6,10,/sys/bus/i2c/drivers/ina3221/1-0040/hwmon/hwmon1,POWER_DERIVED_FROM_CURRENT_AND_VOLTAGE,baseline-noSEE-full-01,orin-nano-01,08493c04-ea69-45ca-948b-6993521ce06d
621,2026-08-01T18:03:11.883Z,1904,4968,9459,1917.6,10,/sys/bus/i2c/drivers/ina3221/1-0040/hwmon/hwmon1,POWER_DERIVED_FROM_CURRENT_AND_VOLTAGE,baseline-noSEE-full-01,orin-nano-01,08493c04-ea69-45ca-948b-6993521ce06d
622,2026-08-01T18:03:16.888Z,1928,4968,9578,1921.6,10,/sys/bus/i2c/drivers/ina3221/1-0040/hwmon/hwmon1,POWER_DERIVED_FROM_CURRENT_AND_VOLTAGE,baseline-noSEE-full-01,orin-nano-01,08493c04-ea69-45ca-948b-6993521ce06d
623,2026-08-01T18:03:21.894Z,1928,4968,9578,1922.4,10,/sys/bus/i2c/drivers/ina3221/1-0040/hwmon/hwmon1,POWER_DERIVED_FROM_CURRENT_AND_VOLTAGE,baseline-noSEE-full-01,orin-nano-01,08493c04-ea69-45ca-948b-6993521ce06d
624,2026-08-01T18:03:26.895Z,1904,4968,9459,1920.0,10,/sys/bus/i2c/drivers/ina3221/1-0040/hwmon/hwmon1,POWER_DERIVED_FROM_CURRENT_AND_VOLTAGE,baseline-noSEE-full-01,orin-nano-01,08493c04-ea69-45ca-948b-6993521ce06d
625,2026-08-01T18:03:31.899Z,1896,4968,9419,1914.4,10,/sys/bus/i2c/drivers/ina3221/1-0040/hwmon/hwmon1,POWER_DERIVED_FROM_CURRENT_AND_VOLTAGE,baseline-noSEE-full-01,orin-nano-01,08493c04-ea69-45ca-948b-6993521ce06d
626,2026-08-01T18:03:36.903Z,1968,4968,9777,1918.4,10,/sys/bus/i2c/drivers/ina3221/1-0040/hwmon/hwmon1,POWER_DERIVED_FROM_CURRENT_AND_VOLTAGE,baseline-noSEE-full-01,orin-nano-01,08493c04-ea69-45ca-948b-6993521ce06d
627,2026-08-01T18:03:41.907Z,1952,4968,9698,1921.6,10,/sys/bus/i2c/drivers/ina3221/1-0040/hwmon/hwmon1,POWER_DERIVED_FROM_CURRENT_AND_VOLTAGE,baseline-noSEE-full-01,orin-nano-01,08493c04-ea69-45ca-948b-6993521ce06d
628,2026-08-01T18:03:46.911Z,1992,4968,9896,1928.8,10,/sys/bus/i2c/drivers/ina3221/1-0040/hwmon/hwmon1,POWER_DERIVED_FROM_CURRENT_AND_VOLTAGE,baseline-noSEE-full-01,orin-nano-01,08493c04-ea69-45ca-948b-6993521ce06d
629,2026-08-01T18:03:51.915Z,1944,4968,9658,1932.8,10,/sys/bus/i2c/drivers/ina3221/1-0040/hwmon/hwmon1,POWER_DERIVED_FROM_CURRENT_AND_VOLTAGE,baseline-noSEE-full-01,orin-nano-01,08493c04-ea69-45ca-948b-6993521ce06d
630,2026-08-01T18:03:56.920Z,1936,4968,9618,1935.2,10,/sys/bus/i2c/drivers/ina3221/1-0040/hwmon/hwmon1,POWER_DERIVED_FROM_CURRENT_AND_VOLTAGE,baseline-noSEE-full-01,orin-nano-01,08493c04-ea69-45ca-948b-6993521ce06d
631,2026-08-01T18:04:01.925Z,1896,4968,9419,1934.4,10,/sys/bus/i2c/drivers/ina3221/1-0040/hwmon/hwmon1,POWER_DERIVED_FROM_CURRENT_AND_VOLTAGE,baseline-noSEE-full-01,orin-nano-01,08493c04-ea69-45ca-948b-6993521ce06d
632,2026-08-01T18:04:06.930Z,1912,4968,9499,1932.8,10,/sys/bus/i2c/drivers/ina3221/1-0040/hwmon/hwmon1,POWER_DERIVED_FROM_CURRENT_AND_VOLTAGE,baseline-noSEE-full-01,orin-nano-01,08493c04-ea69-45ca-948b-6993521ce06d
633,2026-08-01T18:04:11.935Z,1896,4968,9419,1929.6,10,/sys/bus/i2c/drivers/ina3221/1-0040/hwmon/hwmon1,POWER_DERIVED_FROM_CURRENT_AND_VOLTAGE,baseline-noSEE-full-01,orin-nano-01,08493c04-ea69-45ca-948b-6993521ce06d
634,2026-08-01T18:04:16.940Z,1912,4968,9499,1930.4,10,/sys/bus/i2c/drivers/ina3221/1-0040/hwmon/hwmon1,POWER_DERIVED_FROM_CURRENT_AND_VOLTAGE,baseline-noSEE-full-01,orin-nano-01,08493c04-ea69-45ca-948b-6993521ce06d
635,2026-08-01T18:04:21.943Z,1888,4968,9380,1929.6,10,/sys/bus/i2c/drivers/ina3221/1-0040/hwmon/hwmon1,POWER_DERIVED_FROM_CURRENT_AND_VOLTAGE,baseline-noSEE-full-01,orin-nano-01,08493c04-ea69-45ca-948b-6993521ce06d
636,2026-08-01T18:04:26.948Z,1904,4968,9459,1923.2,10,/sys/bus/i2c/drivers/ina3221/1-0040/hwmon/hwmon1,POWER_DERIVED_FROM_CURRENT_AND_VOLTAGE,baseline-noSEE-full-01,orin-nano-01,08493c04-ea69-45ca-948b-6993521ce06d
637,2026-08-01T18:04:31.953Z,1888,4968,9380,1916.8,10,/sys/bus/i2c/drivers/ina3221/1-0040/hwmon/hwmon1,POWER_DERIVED_FROM_CURRENT_AND_VOLTAGE,baseline-noSEE-full-01,orin-nano-01,08493c04-ea69-45ca-948b-6993521ce06d
638,2026-08-01T18:04:36.955Z,1928,4968,9578,1910.4,10,/sys/bus/i2c/drivers/ina3221/1-0040/hwmon/hwmon1,POWER_DERIVED_FROM_CURRENT_AND_VOLTAGE,baseline-noSEE-full-01,orin-nano-01,08493c04-ea69-45ca-948b-6993521ce06d
639,2026-08-01T18:04:41.960Z,1936,4968,9618,1909.6,10,/sys/bus/i2c/drivers/ina3221/1-0040/hwmon/hwmon1,POWER_DERIVED_FROM_CURRENT_AND_VOLTAGE,baseline-noSEE-full-01,orin-nano-01,08493c04-ea69-45ca-948b-6993521ce06d
640,2026-08-01T18:04:46.963Z,1904,4968,9459,1906.4,10,/sys/bus/i2c/drivers/ina3221/1-0040/hwmon/hwmon1,POWER_DERIVED_FROM_CURRENT_AND_VOLTAGE,baseline-noSEE-full-01,orin-nano-01,08493c04-ea69-45ca-948b-6993521ce06d
641,2026-08-01T18:04:51.967Z,1920,4968,9539,1908.8,10,/sys/bus/i2c/drivers/ina3221/1-0040/hwmon/hwmon1,POWER_DERIVED_FROM_CURRENT_AND_VOLTAGE,baseline-noSEE-full-01,orin-nano-01,08493c04-ea69-45ca-948b-6993521ce06d
642,2026-08-01T18:04:56.971Z,1960,4968,9737,1913.6,10,/sys/bus/i2c/drivers/ina3221/1-0040/hwmon/hwmon1,POWER_DERIVED_FROM_CURRENT_AND_VOLTAGE,baseline-noSEE-full-01,orin-nano-01,08493c04-ea69-45ca-948b-6993521ce06d
643,2026-08-01T18:05:01.975Z,1976,4968,9817,1921.6,10,/sys/bus/i2c/drivers/ina3221/1-0040/hwmon/hwmon1,POWER_DERIVED_FROM_CURRENT_AND_VOLTAGE,baseline-noSEE-full-01,orin-nano-01,08493c04-ea69-45ca-948b-6993521ce06d
644,2026-08-01T18:05:06.979Z,1968,4968,9777,1927.2,10,/sys/bus/i2c/drivers/ina3221/1-0040/hwmon/hwmon1,POWER_DERIVED_FROM_CURRENT_AND_VOLTAGE,baseline-noSEE-full-01,orin-nano-01,08493c04-ea69-45ca-948b-6993521ce06d
645,2026-08-01T18:05:11.984Z,1920,4968,9539,1930.4,10,/sys/bus/i2c/drivers/ina3221/1-0040/hwmon/hwmon1,POWER_DERIVED_FROM_CURRENT_AND_VOLTAGE,baseline-noSEE-full-01,orin-nano-01,08493c04-ea69-45ca-948b-6993521ce06d
646,2026-08-01T18:05:16.989Z,1920,4968,9539,1932.0,10,/sys/bus/i2c/drivers/ina3221/1-0040/hwmon/hwmon1,POWER_DERIVED_FROM_CURRENT_AND_VOLTAGE,baseline-noSEE-full-01,orin-nano-01,08493c04-ea69-45ca-948b-6993521ce06d
647,2026-08-01T18:05:21.991Z,1904,4968,9459,1933.6,10,/sys/bus/i2c/drivers/ina3221/1-0040/hwmon/hwmon1,POWER_DERIVED_FROM_CURRENT_AND_VOLTAGE,baseline-noSEE-full-01,orin-nano-01,08493c04-ea69-45ca-948b-6993521ce06d
648,2026-08-01T18:05:26.995Z,1912,4968,9499,1932.0,10,/sys/bus/i2c/drivers/ina3221/1-0040/hwmon/hwmon1,POWER_DERIVED_FROM_CURRENT_AND_VOLTAGE,baseline-noSEE-full-01,orin-nano-01,08493c04-ea69-45ca-948b-6993521ce06d
649,2026-08-01T18:05:31.999Z,1904,4968,9459,1928.8,10,/sys/bus/i2c/drivers/ina3221/1-0040/hwmon/hwmon1,POWER_DERIVED_FROM_CURRENT_AND_VOLTAGE,baseline-noSEE-full-01,orin-nano-01,08493c04-ea69-45ca-948b-6993521ce06d
650,2026-08-01T18:05:37.003Z,1896,4968,9419,1928.0,10,/sys/bus/i2c/drivers/ina3221/1-0040/hwmon/hwmon1,POWER_DERIVED_FROM_CURRENT_AND_VOLTAGE,baseline-noSEE-full-01,orin-nano-01,08493c04-ea69-45ca-948b-6993521ce06d
651,2026-08-01T18:05:42.007Z,1888,4968,9380,1924.8,10,/sys/bus/i2c/drivers/ina3221/1-0040/hwmon/hwmon1,POWER_DERIVED_FROM_CURRENT_AND_VOLTAGE,baseline-noSEE-full-01,orin-nano-01,08493c04-ea69-45ca-948b-6993521ce06d
652,2026-08-01T18:05:47.012Z,1904,4968,9459,1919.2,10,/sys/bus/i2c/drivers/ina3221/1-0040/hwmon/hwmon1,POWER_DERIVED_FROM_CURRENT_AND_VOLTAGE,baseline-noSEE-full-01,orin-nano-01,08493c04-ea69-45ca-948b-6993521ce06d
653,2026-08-01T18:05:52.015Z,1920,4968,9539,1913.6,10,/sys/bus/i2c/drivers/ina3221/1-0040/hwmon/hwmon1,POWER_DERIVED_FROM_CURRENT_AND_VOLTAGE,baseline-noSEE-full-01,orin-nano-01,08493c04-ea69-45ca-948b-6993521ce06d
654,2026-08-01T18:05:57.019Z,1920,4968,9539,1908.8,10,/sys/bus/i2c/drivers/ina3221/1-0040/hwmon/hwmon1,POWER_DERIVED_FROM_CURRENT_AND_VOLTAGE,baseline-noSEE-full-01,orin-nano-01,08493c04-ea69-45ca-948b-6993521ce06d
655,2026-08-01T18:06:02.023Z,1936,4968,9618,1910.4,10,/sys/bus/i2c/drivers/ina3221/1-0040/hwmon/hwmon1,POWER_DERIVED_FROM_CURRENT_AND_VOLTAGE,baseline-noSEE-full-01,orin-nano-01,08493c04-ea69-45ca-948b-6993521ce06d
656,2026-08-01T18:06:07.027Z,1984,4968,9857,1916.8,10,/sys/bus/i2c/drivers/ina3221/1-0040/hwmon/hwmon1,POWER_DERIVED_FROM_CURRENT_AND_VOLTAGE,baseline-noSEE-full-01,orin-nano-01,08493c04-ea69-45ca-948b-6993521ce06d
657,2026-08-01T18:06:12.031Z,1952,4968,9698,1921.6,10,/sys/bus/i2c/drivers/ina3221/1-0040/hwmon/hwmon1,POWER_DERIVED_FROM_CURRENT_AND_VOLTAGE,baseline-noSEE-full-01,orin-nano-01,08493c04-ea69-45ca-948b-6993521ce06d
658,2026-08-01T18:06:17.035Z,1976,4968,9817,1928.0,10,/sys/bus/i2c/drivers/ina3221/1-0040/hwmon/hwmon1,POWER_DERIVED_FROM_CURRENT_AND_VOLTAGE,baseline-noSEE-full-01,orin-nano-01,08493c04-ea69-45ca-948b-6993521ce06d
659,2026-08-01T18:06:22.040Z,1928,4968,9578,1930.4,10,/sys/bus/i2c/drivers/ina3221/1-0040/hwmon/hwmon1,POWER_DERIVED_FROM_CURRENT_AND_VOLTAGE,baseline-noSEE-full-01,orin-nano-01,08493c04-ea69-45ca-948b-6993521ce06d
660,2026-08-01T18:06:27.043Z,1944,4968,9658,1935.2,10,/sys/bus/i2c/drivers/ina3221/1-0040/hwmon/hwmon1,POWER_DERIVED_FROM_CURRENT_AND_VOLTAGE,baseline-noSEE-full-01,orin-nano-01,08493c04-ea69-45ca-948b-6993521ce06d
661,2026-08-01T18:06:32.048Z,1928,4968,9578,1939.2,10,/sys/bus/i2c/drivers/ina3221/1-0040/hwmon/hwmon1,POWER_DERIVED_FROM_CURRENT_AND_VOLTAGE,baseline-noSEE-full-01,orin-nano-01,08493c04-ea69-45ca-948b-6993521ce06d
662,2026-08-01T18:06:37.053Z,1936,4968,9618,1942.4,10,/sys/bus/i2c/drivers/ina3221/1-0040/hwmon/hwmon1,POWER_DERIVED_FROM_CURRENT_AND_VOLTAGE,baseline-noSEE-full-01,orin-nano-01,08493c04-ea69-45ca-948b-6993521ce06d
663,2026-08-01T18:06:42.055Z,1920,4968,9539,1942.4,10,/sys/bus/i2c/drivers/ina3221/1-0040/hwmon/hwmon1,POWER_DERIVED_FROM_CURRENT_AND_VOLTAGE,baseline-noSEE-full-01,orin-nano-01,08493c04-ea69-45ca-948b-6993521ce06d
664,2026-08-01T18:06:47.059Z,1912,4968,9499,1941.6,10,/sys/bus/i2c/drivers/ina3221/1-0040/hwmon/hwmon1,POWER_DERIVED_FROM_CURRENT_AND_VOLTAGE,baseline-noSEE-full-01,orin-nano-01,08493c04-ea69-45ca-948b-6993521ce06d
665,2026-08-01T18:06:52.063Z,1920,4968,9539,1940.0,10,/sys/bus/i2c/drivers/ina3221/1-0040/hwmon/hwmon1,POWER_DERIVED_FROM_CURRENT_AND_VOLTAGE,baseline-noSEE-full-01,orin-nano-01,08493c04-ea69-45ca-948b-6993521ce06d
666,2026-08-01T18:06:57.067Z,1904,4968,9459,1932.0,10,/sys/bus/i2c/drivers/ina3221/1-0040/hwmon/hwmon1,POWER_DERIVED_FROM_CURRENT_AND_VOLTAGE,baseline-noSEE-full-01,orin-nano-01,08493c04-ea69-45ca-948b-6993521ce06d
667,2026-08-01T18:07:02.071Z,1912,4968,9499,1928.0,10,/sys/bus/i2c/drivers/ina3221/1-0040/hwmon/hwmon1,POWER_DERIVED_FROM_CURRENT_AND_VOLTAGE,baseline-noSEE-full-01,orin-nano-01,08493c04-ea69-45ca-948b-6993521ce06d
668,2026-08-01T18:07:07.076Z,1896,4968,9419,1920.0,10,/sys/bus/i2c/drivers/ina3221/1-0040/hwmon/hwmon1,POWER_DERIVED_FROM_CURRENT_AND_VOLTAGE,baseline-noSEE-full-01,orin-nano-01,08493c04-ea69-45ca-948b-6993521ce06d
669,2026-08-01T18:07:12.079Z,1928,4968,9578,1920.0,10,/sys/bus/i2c/drivers/ina3221/1-0040/hwmon/hwmon1,POWER_DERIVED_FROM_CURRENT_AND_VOLTAGE,baseline-noSEE-full-01,orin-nano-01,08493c04-ea69-45ca-948b-6993521ce06d
670,2026-08-01T18:07:17.084Z,1928,4968,9578,1918.4,10,/sys/bus/i2c/drivers/ina3221/1-0040/hwmon/hwmon1,POWER_DERIVED_FROM_CURRENT_AND_VOLTAGE,baseline-noSEE-full-01,orin-nano-01,08493c04-ea69-45ca-948b-6993521ce06d
671,2026-08-01T18:07:22.089Z,1904,4968,9459,1916.0,10,/sys/bus/i2c/drivers/ina3221/1-0040/hwmon/hwmon1,POWER_DERIVED_FROM_CURRENT_AND_VOLTAGE,baseline-noSEE-full-01,orin-nano-01,08493c04-ea69-45ca-948b-6993521ce06d
672,2026-08-01T18:07:27.091Z,1888,4968,9380,1911.2,10,/sys/bus/i2c/drivers/ina3221/1-0040/hwmon/hwmon1,POWER_DERIVED_FROM_CURRENT_AND_VOLTAGE,baseline-noSEE-full-01,orin-nano-01,08493c04-ea69-45ca-948b-6993521ce06d
673,2026-08-01T18:07:32.095Z,1912,4968,9499,1910.4,10,/sys/bus/i2c/drivers/ina3221/1-0040/hwmon/hwmon1,POWER_DERIVED_FROM_CURRENT_AND_VOLTAGE,baseline-noSEE-full-01,orin-nano-01,08493c04-ea69-45ca-948b-6993521ce06d
674,2026-08-01T18:07:37.099Z,1920,4968,9539,1911.2,10,/sys/bus/i2c/drivers/ina3221/1-0040/hwmon/hwmon1,POWER_DERIVED_FROM_CURRENT_AND_VOLTAGE,baseline-noSEE-full-01,orin-nano-01,08493c04-ea69-45ca-948b-6993521ce06d
675,2026-08-01T18:07:42.103Z,1960,4968,9737,1915.2,10,/sys/bus/i2c/drivers/ina3221/1-0040/hwmon/hwmon1,POWER_DERIVED_FROM_CURRENT_AND_VOLTAGE,baseline-noSEE-full-01,orin-nano-01,08493c04-ea69-45ca-948b-6993521ce06d
676,2026-08-01T18:07:47.107Z,1984,4968,9857,1923.2,10,/sys/bus/i2c/drivers/ina3221/1-0040/hwmon/hwmon1,POWER_DERIVED_FROM_CURRENT_AND_VOLTAGE,baseline-noSEE-full-01,orin-nano-01,08493c04-ea69-45ca-948b-6993521ce06d
677,2026-08-01T18:07:52.112Z,1960,4968,9737,1928.0,10,/sys/bus/i2c/drivers/ina3221/1-0040/hwmon/hwmon1,POWER_DERIVED_FROM_CURRENT_AND_VOLTAGE,baseline-noSEE-full-01,orin-nano-01,08493c04-ea69-45ca-948b-6993521ce06d
678,2026-08-01T18:07:57.115Z,1928,4968,9578,1931.2,10,/sys/bus/i2c/drivers/ina3221/1-0040/hwmon/hwmon1,POWER_DERIVED_FROM_CURRENT_AND_VOLTAGE,baseline-noSEE-full-01,orin-nano-01,08493c04-ea69-45ca-948b-6993521ce06d
679,2026-08-01T18:08:02.120Z,1928,4968,9578,1931.2,10,/sys/bus/i2c/drivers/ina3221/1-0040/hwmon/hwmon1,POWER_DERIVED_FROM_CURRENT_AND_VOLTAGE,baseline-noSEE-full-01,orin-nano-01,08493c04-ea69-45ca-948b-6993521ce06d
680,2026-08-01T18:08:07.125Z,1904,4968,9459,1928.8,10,/sys/bus/i2c/drivers/ina3221/1-0040/hwmon/hwmon1,POWER_DERIVED_FROM_CURRENT_AND_VOLTAGE,baseline-noSEE-full-01,orin-nano-01,08493c04-ea69-45ca-948b-6993521ce06d
681,2026-08-01T18:08:12.130Z,1920,4968,9539,1930.4,10,/sys/bus/i2c/drivers/ina3221/1-0040/hwmon/hwmon1,POWER_DERIVED_FROM_CURRENT_AND_VOLTAGE,baseline-noSEE-full-01,orin-nano-01,08493c04-ea69-45ca-948b-6993521ce06d
682,2026-08-01T18:08:17.135Z,1896,4968,9419,1931.2,10,/sys/bus/i2c/drivers/ina3221/1-0040/hwmon/hwmon1,POWER_DERIVED_FROM_CURRENT_AND_VOLTAGE,baseline-noSEE-full-01,orin-nano-01,08493c04-ea69-45ca-948b-6993521ce06d
683,2026-08-01T18:08:22.139Z,1912,4968,9499,1931.2,10,/sys/bus/i2c/drivers/ina3221/1-0040/hwmon/hwmon1,POWER_DERIVED_FROM_CURRENT_AND_VOLTAGE,baseline-noSEE-full-01,orin-nano-01,08493c04-ea69-45ca-948b-6993521ce06d
684,2026-08-01T18:08:27.144Z,1896,4968,9419,1928.8,10,/sys/bus/i2c/drivers/ina3221/1-0040/hwmon/hwmon1,POWER_DERIVED_FROM_CURRENT_AND_VOLTAGE,baseline-noSEE-full-01,orin-nano-01,08493c04-ea69-45ca-948b-6993521ce06d
685,2026-08-01T18:08:32.149Z,1928,4968,9578,1925.6,10,/sys/bus/i2c/drivers/ina3221/1-0040/hwmon/hwmon1,POWER_DERIVED_FROM_CURRENT_AND_VOLTAGE,baseline-noSEE-full-01,orin-nano-01,08493c04-ea69-45ca-948b-6993521ce06d
686,2026-08-01T18:08:37.154Z,1944,4968,9658,1921.6,10,/sys/bus/i2c/drivers/ina3221/1-0040/hwmon/hwmon1,POWER_DERIVED_FROM_CURRENT_AND_VOLTAGE,baseline-noSEE-full-01,orin-nano-01,08493c04-ea69-45ca-948b-6993521ce06d
687,2026-08-01T18:08:42.159Z,1904,4968,9459,1916.0,10,/sys/bus/i2c/drivers/ina3221/1-0040/hwmon/hwmon1,POWER_DERIVED_FROM_CURRENT_AND_VOLTAGE,baseline-noSEE-full-01,orin-nano-01,08493c04-ea69-45ca-948b-6993521ce06d
688,2026-08-01T18:08:47.164Z,1888,4968,9380,1912.0,10,/sys/bus/i2c/drivers/ina3221/1-0040/hwmon/hwmon1,POWER_DERIVED_FROM_CURRENT_AND_VOLTAGE,baseline-noSEE-full-01,orin-nano-01,08493c04-ea69-45ca-948b-6993521ce06d
689,2026-08-01T18:08:52.167Z,1896,4968,9419,1908.8,10,/sys/bus/i2c/drivers/ina3221/1-0040/hwmon/hwmon1,POWER_DERIVED_FROM_CURRENT_AND_VOLTAGE,baseline-noSEE-full-01,orin-nano-01,08493c04-ea69-45ca-948b-6993521ce06d
690,2026-08-01T18:08:57.171Z,1896,4968,9419,1908.0,10,/sys/bus/i2c/drivers/ina3221/1-0040/hwmon/hwmon1,POWER_DERIVED_FROM_CURRENT_AND_VOLTAGE,baseline-noSEE-full-01,orin-nano-01,08493c04-ea69-45ca-948b-6993521ce06d
691,2026-08-01T18:09:02.176Z,1904,4968,9459,1906.4,10,/sys/bus/i2c/drivers/ina3221/1-0040/hwmon/hwmon1,POWER_DERIVED_FROM_CURRENT_AND_VOLTAGE,baseline-noSEE-full-01,orin-nano-01,08493c04-ea69-45ca-948b-6993521ce06d
692,2026-08-01T18:09:07.179Z,1880,4968,9340,1904.8,10,/sys/bus/i2c/drivers/ina3221/1-0040/hwmon/hwmon1,POWER_DERIVED_FROM_CURRENT_AND_VOLTAGE,baseline-noSEE-full-01,orin-nano-01,08493c04-ea69-45ca-948b-6993521ce06d
693,2026-08-01T18:09:12.184Z,1896,4968,9419,1903.2,10,/sys/bus/i2c/drivers/ina3221/1-0040/hwmon/hwmon1,POWER_DERIVED_FROM_CURRENT_AND_VOLTAGE,baseline-noSEE-full-01,orin-nano-01,08493c04-ea69-45ca-948b-6993521ce06d
694,2026-08-01T18:09:17.187Z,1880,4968,9340,1901.6,10,/sys/bus/i2c/drivers/ina3221/1-0040/hwmon/hwmon1,POWER_DERIVED_FROM_CURRENT_AND_VOLTAGE,baseline-noSEE-full-01,orin-nano-01,08493c04-ea69-45ca-948b-6993521ce06d
695,2026-08-01T18:09:22.191Z,1904,4968,9459,1899.2,10,/sys/bus/i2c/drivers/ina3221/1-0040/hwmon/hwmon1,POWER_DERIVED_FROM_CURRENT_AND_VOLTAGE,baseline-noSEE-full-01,orin-nano-01,08493c04-ea69-45ca-948b-6993521ce06d
696,2026-08-01T18:09:27.195Z,1928,4968,9578,1897.6,10,/sys/bus/i2c/drivers/ina3221/1-0040/hwmon/hwmon1,POWER_DERIVED_FROM_CURRENT_AND_VOLTAGE,baseline-noSEE-full-01,orin-nano-01,08493c04-ea69-45ca-948b-6993521ce06d
697,2026-08-01T18:09:32.199Z,1976,4968,9817,1904.8,10,/sys/bus/i2c/drivers/ina3221/1-0040/hwmon/hwmon1,POWER_DERIVED_FROM_CURRENT_AND_VOLTAGE,baseline-noSEE-full-01,orin-nano-01,08493c04-ea69-45ca-948b-6993521ce06d
698,2026-08-01T18:09:37.203Z,1960,4968,9737,1912.0,10,/sys/bus/i2c/drivers/ina3221/1-0040/hwmon/hwmon1,POWER_DERIVED_FROM_CURRENT_AND_VOLTAGE,baseline-noSEE-full-01,orin-nano-01,08493c04-ea69-45ca-948b-6993521ce06d
699,2026-08-01T18:09:42.208Z,1944,4968,9658,1916.8,10,/sys/bus/i2c/drivers/ina3221/1-0040/hwmon/hwmon1,POWER_DERIVED_FROM_CURRENT_AND_VOLTAGE,baseline-noSEE-full-01,orin-nano-01,08493c04-ea69-45ca-948b-6993521ce06d
700,2026-08-01T18:09:47.211Z,1960,4968,9737,1923.2,10,/sys/bus/i2c/drivers/ina3221/1-0040/hwmon/hwmon1,POWER_DERIVED_FROM_CURRENT_AND_VOLTAGE,baseline-noSEE-full-01,orin-nano-01,08493c04-ea69-45ca-948b-6993521ce06d
701,2026-08-01T18:09:52.216Z,1936,4968,9618,1926.4,10,/sys/bus/i2c/drivers/ina3221/1-0040/hwmon/hwmon1,POWER_DERIVED_FROM_CURRENT_AND_VOLTAGE,baseline-noSEE-full-01,orin-nano-01,08493c04-ea69-45ca-948b-6993521ce06d
702,2026-08-01T18:09:57.221Z,1936,4968,9618,1932.0,10,/sys/bus/i2c/drivers/ina3221/1-0040/hwmon/hwmon1,POWER_DERIVED_FROM_CURRENT_AND_VOLTAGE,baseline-noSEE-full-01,orin-nano-01,08493c04-ea69-45ca-948b-6993521ce06d
703,2026-08-01T18:10:02.221Z,1920,4968,9539,1934.4,10,/sys/bus/i2c/drivers/ina3221/1-0040/hwmon/hwmon1,POWER_DERIVED_FROM_CURRENT_AND_VOLTAGE,baseline-noSEE-full-01,orin-nano-01,08493c04-ea69-45ca-948b-6993521ce06d
704,2026-08-01T18:10:07.227Z,1880,4968,9340,1934.4,10,/sys/bus/i2c/drivers/ina3221/1-0040/hwmon/hwmon1,POWER_DERIVED_FROM_CURRENT_AND_VOLTAGE,baseline-noSEE-full-01,orin-nano-01,08493c04-ea69-45ca-948b-6993521ce06d
705,2026-08-01T18:10:12.232Z,1904,4968,9459,1934.4,10,/sys/bus/i2c/drivers/ina3221/1-0040/hwmon/hwmon1,POWER_DERIVED_FROM_CURRENT_AND_VOLTAGE,baseline-noSEE-full-01,orin-nano-01,08493c04-ea69-45ca-948b-6993521ce06d
706,2026-08-01T18:10:17.237Z,1880,4968,9340,1929.6,10,/sys/bus/i2c/drivers/ina3221/1-0040/hwmon/hwmon1,POWER_DERIVED_FROM_CURRENT_AND_VOLTAGE,baseline-noSEE-full-01,orin-nano-01,08493c04-ea69-45ca-948b-6993521ce06d
707,2026-08-01T18:10:22.239Z,1904,4968,9459,1922.4,10,/sys/bus/i2c/drivers/ina3221/1-0040/hwmon/hwmon1,POWER_DERIVED_FROM_CURRENT_AND_VOLTAGE,baseline-noSEE-full-01,orin-nano-01,08493c04-ea69-45ca-948b-6993521ce06d
708,2026-08-01T18:10:27.244Z,1896,4968,9419,1916.0,10,/sys/bus/i2c/drivers/ina3221/1-0040/hwmon/hwmon1,POWER_DERIVED_FROM_CURRENT_AND_VOLTAGE,baseline-noSEE-full-01,orin-nano-01,08493c04-ea69-45ca-948b-6993521ce06d
709,2026-08-01T18:10:32.249Z,1896,4968,9419,1911.2,10,/sys/bus/i2c/drivers/ina3221/1-0040/hwmon/hwmon1,POWER_DERIVED_FROM_CURRENT_AND_VOLTAGE,baseline-noSEE-full-01,orin-nano-01,08493c04-ea69-45ca-948b-6993521ce06d
710,2026-08-01T18:10:37.251Z,1872,4968,9300,1902.4,10,/sys/bus/i2c/drivers/ina3221/1-0040/hwmon/hwmon1,POWER_DERIVED_FROM_CURRENT_AND_VOLTAGE,baseline-noSEE-full-01,orin-nano-01,08493c04-ea69-45ca-948b-6993521ce06d
711,2026-08-01T18:10:42.255Z,1904,4968,9459,1899.2,10,/sys/bus/i2c/drivers/ina3221/1-0040/hwmon/hwmon1,POWER_DERIVED_FROM_CURRENT_AND_VOLTAGE,baseline-noSEE-full-01,orin-nano-01,08493c04-ea69-45ca-948b-6993521ce06d
712,2026-08-01T18:10:47.259Z,1960,4968,9737,1901.6,10,/sys/bus/i2c/drivers/ina3221/1-0040/hwmon/hwmon1,POWER_DERIVED_FROM_CURRENT_AND_VOLTAGE,baseline-noSEE-full-01,orin-nano-01,08493c04-ea69-45ca-948b-6993521ce06d
713,2026-08-01T18:10:52.264Z,1976,4968,9817,1907.2,10,/sys/bus/i2c/drivers/ina3221/1-0040/hwmon/hwmon1,POWER_DERIVED_FROM_CURRENT_AND_VOLTAGE,baseline-noSEE-full-01,orin-nano-01,08493c04-ea69-45ca-948b-6993521ce06d
714,2026-08-01T18:10:57.269Z,1960,4968,9737,1915.2,10,/sys/bus/i2c/drivers/ina3221/1-0040/hwmon/hwmon1,POWER_DERIVED_FROM_CURRENT_AND_VOLTAGE,baseline-noSEE-full-01,orin-nano-01,08493c04-ea69-45ca-948b-6993521ce06d
715,2026-08-01T18:11:02.274Z,1936,4968,9618,1918.4,10,/sys/bus/i2c/drivers/ina3221/1-0040/hwmon/hwmon1,POWER_DERIVED_FROM_CURRENT_AND_VOLTAGE,baseline-noSEE-full-01,orin-nano-01,08493c04-ea69-45ca-948b-6993521ce06d
716,2026-08-01T18:11:07.279Z,1944,4968,9658,1924.8,10,/sys/bus/i2c/drivers/ina3221/1-0040/hwmon/hwmon1,POWER_DERIVED_FROM_CURRENT_AND_VOLTAGE,baseline-noSEE-full-01,orin-nano-01,08493c04-ea69-45ca-948b-6993521ce06d
717,2026-08-01T18:11:12.283Z,1944,4968,9658,1928.8,10,/sys/bus/i2c/drivers/ina3221/1-0040/hwmon/hwmon1,POWER_DERIVED_FROM_CURRENT_AND_VOLTAGE,baseline-noSEE-full-01,orin-nano-01,08493c04-ea69-45ca-948b-6993521ce06d
718,2026-08-01T18:11:17.288Z,1920,4968,9539,1931.2,10,/sys/bus/i2c/drivers/ina3221/1-0040/hwmon/hwmon1,POWER_DERIVED_FROM_CURRENT_AND_VOLTAGE,baseline-noSEE-full-01,orin-nano-01,08493c04-ea69-45ca-948b-6993521ce06d
719,2026-08-01T18:11:22.293Z,1896,4968,9419,1931.2,10,/sys/bus/i2c/drivers/ina3221/1-0040/hwmon/hwmon1,POWER_DERIVED_FROM_CURRENT_AND_VOLTAGE,baseline-noSEE-full-01,orin-nano-01,08493c04-ea69-45ca-948b-6993521ce06d
720,2026-08-01T18:11:27.298Z,1912,4968,9499,1935.2,10,/sys/bus/i2c/drivers/ina3221/1-0040/hwmon/hwmon1,POWER_DERIVED_FROM_CURRENT_AND_VOLTAGE,baseline-noSEE-full-01,orin-nano-01,08493c04-ea69-45ca-948b-6993521ce06d
